# Time	AB40_Monomer	AB42_Monomer	Ab_t	C_Antibody_unbound_PVS	FcRn_free_BCSFB	AB40_Oligomer12	AB42_Oligomer12	FcRn_free_BBB	PK_central	PK_p_brain	AB40_Oligomer14	AB42_Oligomer14	AB40_Oligomer16	AB42_Oligomer16	AB42Mu_Central	AB40Mu_Central	AB40Mb_Brain_Plasma	AB42Mb_Brain_Plasma	AB40_Oligomer06	AB40_Oligomer08	AB40_Oligomer10	AB40_Oligomer04	AB42_Oligomer04	AB42_Oligomer06	AB42_Oligomer08	AB42_Oligomer10	AB40_monomer_antibody_bound	AB42_monomer_antibody_bound	AB42_Oligomer13	AB40_Oligomer13	AB40Mb_Central	AB42Mb_Central	AB42_Fibril17	AB40_Fibril17	AB42_Oligomer03	AB40_Oligomer03	AB42_Oligomer15	AB40_Oligomer15	PK_TFV_brain	AB40_Fibril18	AB42_Fibril18	PK_BCSFB_unbound_brain	AB40Mu_Brain_Plasma	AB42Mu_Brain_Plasma	AB42_Oligomer11	AB40_Oligomer11	AB40_Fibril20	AB42_Fibril20	AB40_Fibril22	AB42_Fibril22	AB40_Oligomer07	AB42_Oligomer07	AB40_Oligomer02	AB42_Oligomer02	AB40_Oligomer09	AB42_Oligomer09	AB42_Oligomer05	AB40_Oligomer05	AB40Mb_TFV	AB42Mb_TFV	PK_BBB_unbound_brain	AB40_Fibril23	AB42_Fibril23	AB40_Plaque_unbound	AB42_Plaque_unbound	PK_LV_brain	AB42Mb_BCSFB_Unbound	AB40Mb_BCSFB_Unbound	AB40_Fibril19	AB42_Fibril19	AB40_Fibril21	AB42_Fibril21	AB40Mu_TFV	AB42Mu_TFV	AB42Mb_BBB_Unbound	PK_SAS_brain	AB42_Fibril24	AB40_Fibril24	AB40Mb_BBB_Unbound	AB42Mu_LV	AB40Mu_LV	AB40Mb_LV	AB42Mb_LV	C99	AB40Mu_BCSFB	AB42Mu_BCSFB	AB42Mu_SAS	AB40Mu_SAS	PK_CM_brain	AB42Mu_BBB	AB40Mu_BBB	AB40Mb_SAS	AB42Mb_SAS	SubCut_absorption	AB40_Oligomer12_PVS	AB42_Oligomer12_PVS	AB40_Oligomer13_PVS	AB42_Oligomer13_PVS	AB40_Monomer_PVS	AB42_Monomer_PVS	AB42_Oligomer14_PVS	AB40_Oligomer14_PVS	AB40_Oligomer16_PVS	AB42_Oligomer16_PVS	AB42_Oligomer15_PVS	AB40_Oligomer15_PVS	AB40_Oligomer11_PVS	AB42_Oligomer11_PVS	AB42_Fibril17_PVS	AB40_Fibril17_PVS	AB42_Oligomer02_PVS	AB40_Oligomer02_PVS	AB42_Oligomer06_PVS	AB40_Oligomer06_PVS	AB40_Oligomer09_PVS	AB42_Oligomer09_PVS	AB42_Oligomer04_PVS	AB40_Oligomer04_PVS	AB40_Oligomer08_PVS	AB42_Oligomer08_PVS	AB40_Oligomer03_PVS	AB42_Oligomer03_PVS	AB42_Oligomer10_PVS	AB40_Oligomer10_PVS	AB42_Fibril18_PVS	AB40_Fibril18_PVS	AB42_Oligomer05_PVS	AB40_Oligomer05_PVS	AB40_Oligomer07_PVS	AB42_Oligomer07_PVS	AB40_Fibril21_PVS	AB42_Fibril21_PVS	AB42_Fibril19_PVS	AB40_Fibril19_PVS	AB40_Fibril22_PVS	AB42_Fibril22_PVS	AB42_Fibril20_PVS	AB40_Fibril20_PVS	AB42_Fibril23_PVS	AB40_Fibril23_PVS	AB42_Fibril24_PVS	AB40_Fibril24_PVS	PK_BCSFB_bound_brain	AB42Mu_CM	AB40Mu_CM	PK_BBB_bound_brain	AB40_Plaque_bound_PVS	AB42_Plaque_bound_PVS	AB42_Oligomer12_Antibody_bound	AB40_Oligomer12_Antibody_bound	AB42_Oligomer13_Antibody_bound	AB40_Oligomer13_Antibody_bound	AB40_Oligomer15_Antibody_bound	AB42_Oligomer15_Antibody_bound	AB40_Oligomer14_Antibody_bound	AB42_Oligomer14_Antibody_bound	AB40_Oligomer16_Antibody_bound	AB42_Oligomer16_Antibody_bound	AB40_Oligomer11_Antibody_bound	AB42_Oligomer11_Antibody_bound	AB40_Fibril17_Antibody_bound	AB42_Fibril17_Antibody_bound	AB42_Oligomer06_Antibody_bound	AB40_Oligomer06_Antibody_bound	AB42_Oligomer09_Antibody_bound	AB40_Oligomer09_Antibody_bound	AB42_Oligomer04_Antibody_bound	AB40_Oligomer04_Antibody_bound	AB42_Oligomer02_Antibody_bound	AB40_Oligomer02_Antibody_bound	AB42_Oligomer08_Antibody_bound	AB40_Oligomer08_Antibody_bound	AB40_Plaque_Antibody_bound	AB42_Plaque_Antibody_bound	AB40_Fibril18_Antibody_bound	AB42_Fibril18_Antibody_bound	AB42_Oligomer10_Antibody_bound	AB40_Oligomer10_Antibody_bound	AB42_Oligomer05_Antibody_bound	AB40_Oligomer05_Antibody_bound	AB40_Oligomer07_Antibody_bound	AB42_Oligomer07_Antibody_bound	AB42_Oligomer03_Antibody_bound	AB40_Oligomer03_Antibody_bound	AB40_Fibril21_Antibody_bound	AB42_Fibril21_Antibody_bound	AB40_Fibril19_Antibody_bound	AB42_Fibril19_Antibody_bound	AB40_Fibril22_Antibody_bound	AB42_Fibril22_Antibody_bound	AB40_Fibril23_Antibody_bound	AB42_Fibril23_Antibody_bound	AB42_Fibril20_Antibody_bound	AB40_Fibril20_Antibody_bound	AB40Mb_CM	AB42_Fibril24_Antibody_bound	AB40_Fibril24_Antibody_bound	AB42Mb_CM	APP	AB40_Oligomer12_PVS_bound	AB42_Oligomer12_PVS_bound	AB40_Oligomer13_PVS_bound	AB42_Oligomer13_PVS_bound	AB42_Oligomer14_PVS_bound	AB40_Oligomer14_PVS_bound	AB40_Oligomer15_PVS_bound	AB42_Oligomer15_PVS_bound	AB40_Oligomer16_PVS_bound	AB42_Oligomer16_PVS_bound	AB40_Oligomer11_PVS_bound	AB42_Oligomer11_PVS_bound	AB42_Fibril17_PVS_bound	AB40_Fibril17_PVS_bound	AB40_Oligomer02_PVS_bound	AB42_Oligomer02_PVS_bound	AB42_Oligomer07_PVS_bound	AB40_Oligomer07_PVS_bound	AB42_Oligomer10_PVS_bound	AB40_Oligomer10_PVS_bound	AB40_Oligomer05_PVS_bound	AB42_Oligomer05_PVS_bound	AB42_Oligomer08_PVS_bound	AB40_Oligomer08_PVS_bound	AB42_Oligomer04_PVS_bound	AB40_Oligomer04_PVS_bound	AB42_Fibril18_PVS_bound	AB40_Fibril18_PVS_bound	AB40_Oligomer09_PVS_bound	AB42_Oligomer09_PVS_bound	AB40_Oligomer06_PVS_bound	AB42_Oligomer06_PVS_bound	AB40_Oligomer03_PVS_bound	AB42_Oligomer03_PVS_bound	AB42_Fibril19_PVS_bound	AB40_Fibril19_PVS_bound	AB40_Fibril22_PVS_bound	AB42_Fibril22_PVS_bound	AB42_Fibril21_PVS_bound	AB40_Fibril21_PVS_bound	AB42_Fibril20_PVS_bound	AB40_Fibril20_PVS_bound	AB40_Fibril23_PVS_bound	AB42_Fibril23_PVS_bound	AB40_Fibril24_PVS_bound	AB42_Fibril24_PVS_bound	PK_per	AB40Mu_Peripheral	AB42Mu_Peripheral	AB40_Plaque_unbound_PVS	AB42_Plaque_unbound_PVS	AB40Mb_BCSFB_Bound	AB40_Monomer_PVS_bound	AB42_Monomer_PVS_bound	AB40Mb_Peripheral	AB42Mb_Peripheral	AB40Mb_BBB_Bound	AB42Mb_BCSFB_Bound	AB42Mb_BBB_Bound	Values[CL_AB40_IDE]	Values[CL_AB42_IDE]	Microglia_Hi_Fract	Microglia_cell_count	Values[InputCent]	Values[InputSC]	Values[Anti_ABeta_bound_sum]	
0	0	0	0	0	49820	0	0	49820	0	0	0	0	0	0	0	0	0	0	0	0	0	0	0	0	0	0	0	0	0	0	0	0	0	0	0	0	0	0	0	0	0	0	0	0	0	0	0	0	0	0	0	0	0	0	0	0	0	0	0	0	0	0	0	0	0	0	0	0	0	0	0	0	0	0	0	0	0	0	0	0	0	0	0	0	0	0	0	0	0	0	0	0	0	0	0	0	0	0	0	0	0	0	0	0	0	0	0	0	0	0	0	0	0	0	0	0	0	0	0	0	0	0	0	0	0	0	0	0	0	0	0	0	0	0	0	0	0	0	0	0	0	0	0	0	0	0	0	0	0	0	0	0	0	0	0	0	0	0	0	0	0	0	0	0	0	0	0	0	0	0	0	0	0	0	0	0	0	0	0	0	0	0	0	0	0	0	0	0	0	0	0	0	0	0	0	0	0	0	0	0	0	0	0	0	0	0	0	0	0	0	0	0	0	0	0	0	0	0	0	0	0	0	0	0	0	0	0	0	0	0	0	0	0	0	0	0	0	0	0	0	0	0	0	0	0	0	0	0	0	0	0	0	0	0	0	0	0	0	1500	50	0	1	0	0	0	
7008	1025.35	92.3284	0	0	49820	59.4087	0.0325089	49820	0	0	59.0785	0.0322034	58.6529	0.0319011	0.234858	1.67754	0	0	52.7581	50.4163	47.534	53.2763	0.0311667	0.0291633	0.0273078	0.0263376	0	0	0.0323557	59.2591	0	0	0.0318458	58.6278	0.0322517	51.71	0.0320518	58.8745	0	58.5774	0.0317905	0	1.68022	0.235234	0.0262534	47.5685	58.4512	0.0316834	58.3013	0.0315791	51.702	0.0282192	19.3254	0.0664316	49.006	0.0264274	0.0301434	53.3984	0	0	0	61.2082	0.0346797	0.23945	0.00140253	0	0	0	58.518	0.0317369	58.3781	0.03163	311.887	28.0843	0	0	4.04649	6773.53	0	28.0843	311.887	0	0	500	0.353995	0.0319705	28.0843	311.89	0	0.104385	1.15819	0	0	0	575.389	0.312601	573.889	0.311092	821405	73720.5	0.30959	572.087	567.853	0.306607	0.308095	570.057	478.049	0.261827	0.0306035	56.7521	6.63036	1941.51	2.90984	5301.45	4925.17	2.63621	3.1102	5352.92	5066.66	2.72426	5195.25	3.21872	0.262701	4777.43	0.0305463	56.6964	3.00787	5365.5	5195.61	2.81542	56.4813	0.0303791	0.0304906	56.6318	56.3988	0.0303252	0.0304349	56.5597	0.0328351	58.766	3.30113	5594.33	0	28.0843	311.888	0	0	0	0	0	0	0	0	0	0	0	0	0	0	0	0	0	0	0	0	0	0	0	0	0	0	0	0	0	0	0	0	0	0	0	0	0	0	0	0	0	0	0	0	0	0	0	0	0	0	0	0	0	439.94	0	0	0	0	0	0	0	0	0	0	0	0	0	0	0	0	0	0	0	0	0	0	0	0	0	0	0	0	0	0	0	0	0	0	0	0	0	0	0	0	0	0	0	0	0	0	0	1.68035	0.234793	0	0	0	0	0	0	0	0	0	0	1487.96	49.5987	0	1	0	0	0	
14016	1004.94	92.3222	1.03723e-30	-7.92896e-25	49820	70.4565	0.0402379	49820	2.86643e-25	2.87104e-25	70.0765	0.0398739	69.5832	0.0395136	0.234873	1.64623	1.66288e-24	-7.9023e-26	50.5677	48.2554	45.432	51.1339	0.0311625	0.0291592	0.0273039	0.0263338	5.90046e-27	-2.41093e-26	0.0400554	70.2849	1.66022e-24	-7.88495e-26	0.0394522	69.5839	0.0322474	49.6629	0.0396932	69.8404	2.8637e-28	69.5346	0.0393908	1.42714e-28	1.64886	0.235248	0.0262557	45.4677	69.4058	0.0392723	69.2505	0.0391595	49.521	0.0282152	18.5717	0.0664229	46.8724	0.0264236	0.0301393	51.2167	4.95294e-27	-8.24803e-27	1.43907e-28	75.4939	0.04612	0.529597	0.00329473	5.45788e-28	-4.18997e-27	8.0586e-28	69.4746	0.0393315	69.3297	0.0392131	305.679	28.0824	-5.7199e-27	3.31145e-28	8.94357	13956.6	8.06739e-28	28.0824	305.679	4.95335e-27	-8.248e-27	500	0.34695	0.0319684	28.0824	305.681	2.86301e-28	0.104378	1.13513	5.74804e-27	-9.49246e-27	0	686.915	0.389755	685.236	0.387977	806530	73858.4	0.38621	683.197	678.374	0.382701	0.384451	680.888	457.972	0.262552	0.0382098	67.8335	6.64242	1869.01	2.91598	5091.16	4720.72	2.64242	3.11631	5147.03	4859.46	2.73044	4998.44	3.22481	0.263343	4576.18	0.0381494	67.784	3.01399	5155.93	4986.33	2.82158	67.5801	0.0379744	0.038091	67.7242	67.5013	0.0379213	0.0380327	67.6557	0.0442514	73.2131	8.14378	12827.9	1.66392e-25	28.0824	305.679	1.67787e-25	0	0	5.9795e-33	9.65981e-30	6.27017e-33	9.66283e-30	9.3333e-30	6.18074e-33	9.85637e-30	5.86407e-33	9.59749e-30	5.84719e-33	2.78266e-30	2.28638e-33	9.8604e-30	6.18547e-33	2.4258e-33	3.31245e-30	2.28486e-33	2.98646e-30	2.42213e-33	3.13812e-30	5.25692e-33	1.32478e-30	2.22725e-33	3.1493e-30	6.8597e-30	4.54313e-32	1.18524e-28	7.43816e-32	2.16909e-33	2.91291e-30	2.41251e-33	3.08662e-30	3.31407e-30	2.27891e-33	2.61939e-33	3.4374e-30	1.16433e-28	7.28765e-32	1.1815e-28	7.77612e-32	1.22225e-28	7.17713e-32	1.37429e-28	1.01398e-31	7.43032e-32	1.18499e-28	4.95266e-27	3.12501e-29	4.47325e-26	-8.24334e-27	439.94	4.13214e-22	3.18001e-25	7.02168e-22	4.63737e-25	2.78334e-25	6.22735e-22	6.20778e-22	3.82055e-25	3.5333e-22	4.58262e-25	8.07148e-22	2.44757e-25	4.88843e-25	6.52376e-22	3.95117e-21	9.69934e-24	5.2337e-24	6.78861e-21	2.35217e-25	7.52347e-21	1.22297e-20	1.46278e-24	4.60492e-24	8.13383e-21	5.34026e-24	7.66019e-21	8.45456e-26	6.81191e-22	5.1952e-21	3.43718e-24	5.43275e-21	1.46233e-24	6.96272e-21	5.89335e-24	3.93715e-25	8.75821e-22	6.47124e-22	3.49303e-25	2.14675e-25	8.15865e-22	3.93293e-25	8.74761e-22	6.07153e-22	8.44147e-26	2.87016e-20	-6.28488e-23	0	1.64957	0.234874	0	0	9.39508e-25	2.92495e-20	6.59379e-22	0	0	9.40534e-25	-1.1059e-24	-1.10832e-24	1476.02	49.2005	0	1	0	0	4.55899e-26	
21024	985.047	92.3138	3.87738e-31	1.5082e-23	49820	81.5212	0.0484995	49820	1.90211e-24	1.90516e-24	81.0874	0.0480729	80.5225	0.0476506	0.23486	1.61547	1.85532e-23	1.32535e-24	48.4798	46.1974	43.4318	49.09	0.0311567	0.0291537	0.0272986	0.0263286	6.70682e-26	-2.10365e-26	0.0482856	81.3256	1.85235e-23	1.32329e-24	0.0475828	80.5572	0.0322416	47.7091	0.0478611	80.8171	1.89379e-27	80.5085	0.0475149	9.40898e-28	1.61805	0.235235	0.0262571	43.4692	80.3764	0.047384	80.2147	0.0472623	47.4427	0.0282099	17.8521	0.066411	44.8411	0.0264184	0.0301337	49.1361	5.5694e-26	-1.23123e-26	9.40045e-28	89.7749	0.0583492	0.855466	0.00559806	3.61403e-27	-4.30645e-26	9.09507e-27	80.4476	0.0474494	80.2968	0.0473187	299.629	28.0798	-3.01589e-27	2.18473e-27	14.1778	20812.8	9.10545e-27	28.0798	299.629	5.56967e-26	-1.2312e-26	500	0.340086	0.0319655	28.0798	299.632	1.89299e-27	0.104368	1.11267	6.47591e-26	-1.45758e-26	0	797.532	0.471502	795.615	0.469414	790556	73852.2	0.467338	793.281	787.749	0.463216	0.465271	790.633	437.83	0.262569	0.0462549	78.8037	6.64131	1796.52	2.91547	4880.78	4516.01	2.64193	3.11577	4941.12	4652.06	2.72995	4801.62	3.22426	0.263295	4374.59	0.046188	78.7549	3.01347	4946.3	4776.92	2.82108	78.5444	0.0459949	0.0461236	78.6942	78.4627	0.0459389	0.0460592	78.6234	0.0563519	87.4942	13.323	19735	1.09699e-24	28.0798	299.629	1.096e-24	0	0	2.96925e-32	2.88153e-29	2.96116e-32	2.87653e-29	2.86021e-29	2.94226e-32	2.87085e-29	2.95055e-32	2.85291e-29	2.93182e-32	-4.12469e-29	-1.62901e-32	2.87707e-29	2.93263e-32	-1.81417e-32	-4.49997e-29	-1.64382e-32	-4.23345e-29	-1.93923e-32	-4.50735e-29	-4.13324e-32	-1.62169e-29	-1.69911e-32	-4.33675e-29	8.18862e-29	5.98665e-31	3.52219e-28	3.58565e-31	-1.63859e-32	-4.12342e-29	-1.87538e-32	-4.53649e-29	-4.4279e-29	-1.75569e-32	-2.00647e-32	-4.35592e-29	3.53119e-28	3.584e-31	3.52584e-28	3.58633e-31	3.53708e-28	3.58527e-31	5.71846e-28	6.39942e-31	3.58473e-31	3.5292e-28	5.56974e-26	3.55841e-28	4.40158e-25	-1.23268e-26	439.94	4.12999e-21	1.74187e-24	4.1291e-21	1.73675e-24	1.72353e-24	4.111e-21	4.09618e-21	1.71687e-24	4.06847e-21	1.70975e-24	5.61483e-21	2.86383e-24	2.07994e-24	4.97662e-21	2.26656e-20	7.26087e-23	3.09083e-23	6.07815e-20	2.87205e-24	5.60795e-20	6.27715e-20	3.28849e-23	2.98684e-23	5.9337e-20	3.40538e-23	6.24435e-20	2.06198e-24	4.96369e-21	5.76684e-20	2.88792e-23	6.19019e-20	3.17992e-23	6.05229e-20	3.52892e-23	2.07143e-24	4.96802e-21	4.93562e-21	2.04853e-24	2.05316e-24	4.94801e-21	2.06593e-24	4.95976e-21	4.45715e-21	1.34849e-24	-8.33506e-19	-8.61155e-22	0	1.61873	0.234861	0	0	1.06037e-23	2.24681e-19	1.94271e-20	0	0	1.06158e-23	-1.17007e-23	-1.17118e-23	1464.17	48.8056	0	1	0	0	4.427e-25	
28032	965.659	92.3031	1.39553e-29	-1.24439e-22	49820	92.6136	0.0573305	49820	-8.63811e-24	-8.65196e-24	92.1218	0.0568369	91.4812	0.0563484	0.234843	1.58549	-5.65789e-23	-4.74098e-25	46.4879	44.2358	41.5272	47.1387	0.0311494	0.0291467	0.0272918	0.026322	-2.02463e-25	2.62735e-24	0.0570831	92.3919	-5.64884e-23	-4.78322e-25	0.0562739	91.559	0.0322342	45.8431	0.056592	91.8153	-8.57363e-27	91.5105	0.0561989	-4.21588e-27	1.58802	0.235219	0.0262574	41.5668	91.3742	0.0560549	91.2052	0.0559236	45.461	0.028203	17.1646	0.0663959	42.9059	0.0264118	0.0301265	47.1504	-1.69119e-25	8.88189e-25	-4.21203e-27	104.067	0.0714219	1.21434	0.00833962	-1.63823e-26	4.71944e-25	-2.75611e-26	91.4482	0.0561268	91.2906	0.055983	293.732	28.0766	5.99674e-25	-9.86693e-27	19.7722	27364.9	-2.75918e-26	28.0766	293.732	-1.69131e-25	8.88188e-25	500	0.333394	0.0319618	28.0766	293.734	-8.56871e-27	0.104356	1.09077	-1.9644e-25	1.031e-24	0	908.405	0.558882	906.231	0.556462	774983	73843.9	0.554056	903.582	897.299	0.549278	0.55166	900.575	418.656	0.262574	0.0548544	89.8003	6.63985	1727.27	2.91479	4680.09	4320.99	2.6413	3.11507	4744.54	4454.4	2.7293	4613.65	3.22354	0.263232	4182.63	0.0547806	89.7518	3.01278	4746.25	4577.24	2.82041	89.5333	0.0545679	0.0547096	89.6898	89.4484	0.054509	0.0546387	89.6162	0.0692868	101.784	18.8585	26334.5	-4.91515e-24	28.0766	293.732	-4.91066e-24	0	0	-6.20869e-32	9.81632e-30	-6.19743e-32	9.77341e-30	9.67867e-30	-6.176e-32	9.73184e-30	-6.18592e-32	9.62822e-30	-6.16481e-32	2.427e-28	1.11681e-31	8.45232e-30	-6.17303e-32	1.24233e-31	2.66719e-28	1.12581e-31	2.49521e-28	1.32764e-31	2.68084e-28	2.82973e-31	9.68173e-29	1.1633e-31	2.56089e-28	-3.23334e-28	-2.65057e-30	1.0097e-28	-7.56051e-31	1.12203e-31	2.42598e-28	1.28405e-31	2.69334e-28	2.61997e-28	1.20212e-31	1.3738e-31	2.5963e-28	9.29218e-29	-7.58915e-31	9.82686e-29	-7.57065e-31	8.9805e-29	-7.60635e-31	-6.39222e-28	-1.8238e-30	-7.57978e-31	9.56812e-29	-1.69118e-25	-1.34196e-27	-1.35101e-24	8.8815e-25	439.94	-1.51497e-20	-5.36552e-24	-1.51296e-20	-5.3344e-24	-5.29087e-24	-1.50806e-20	-1.50287e-20	-5.26648e-24	-1.49669e-20	-5.23725e-24	-2.15438e-20	-1.10167e-23	-6.37896e-24	-1.8238e-20	-8.6834e-20	-2.79019e-22	-1.185e-22	-2.33392e-19	-1.10612e-23	-2.15295e-19	-2.40812e-19	-1.26423e-22	-1.14698e-22	-2.27981e-19	-1.30993e-22	-2.39809e-19	-6.35438e-24	-1.82245e-20	-2.21637e-19	-1.10981e-22	-2.37898e-19	-1.2237e-22	-2.32592e-19	-1.35476e-22	-6.32986e-24	-1.81859e-20	-1.80851e-20	-6.28072e-24	-6.29031e-24	-1.81301e-20	-6.30995e-24	-1.81552e-20	-1.60487e-20	-2.79844e-24	3.20364e-18	4.3418e-21	0	1.58866	0.234845	0	0	-3.21324e-23	-8.64313e-19	-7.49467e-20	0	0	-3.21682e-23	3.70475e-23	3.70788e-23	1452.42	48.4139	0	1	0	0	-1.35038e-24	
35040	946.749	92.2899	-9.15645e-32	8.89214e-24	49820	103.744	0.0667704	49820	2.25573e-24	2.25935e-24	103.19	0.0662053	102.47	0.0656458	0.234823	1.55624	7.9995e-24	1.15383e-23	44.5864	42.3648	39.7122	45.2743	0.0311404	0.0291381	0.0272835	0.0263139	2.78004e-26	5.82816e-24	0.0664871	103.494	7.98672e-24	1.15087e-23	0.0655642	102.6	0.032225	44.0596	0.0659248	102.845	2.25008e-27	102.552	0.0654817	1.12324e-27	1.55873	0.235198	0.0262568	39.7546	102.41	0.0653236	102.233	0.0651821	43.57	0.0281945	16.5073	0.0663773	41.061	0.0264036	0.0301177	45.254	2.36224e-26	2.04497e-24	1.12222e-27	118.385	0.0853965	1.6037	0.0115484	4.29106e-27	1.31712e-24	3.82853e-27	102.487	0.0654026	102.322	0.0652448	287.98	28.0726	1.31295e-24	2.60194e-27	25.751	33633.8	3.83248e-27	28.0726	287.98	2.36252e-26	2.04497e-24	500	0.326867	0.0319573	28.0726	287.982	2.24946e-27	0.104341	1.06941	2.73563e-26	2.37504e-24	0	1019.65	0.652286	1017.19	0.649512	759795	73833.7	0.646752	1014.21	1007.13	0.641273	0.644005	1010.82	400.393	0.262569	0.0640469	100.835	6.63804	1661.06	2.91395	4488.53	4135.08	2.6405	3.1142	4556.74	4265.88	2.72849	4434	3.22265	0.263153	3999.73	0.0639656	100.786	3.01192	4555.22	4386.72	2.81959	100.558	0.0637321	0.0638876	100.722	100.47	0.0636699	0.0638098	100.645	0.0831141	116.097	24.7746	32647.5	1.3096e-24	28.0726	287.98	1.30841e-24	0	0	-9.53379e-33	-3.69995e-29	-9.46692e-33	-3.68953e-29	-3.66194e-29	-9.30767e-33	-3.67813e-29	-9.38251e-33	-3.64822e-29	-9.22331e-33	-7.62005e-29	-3.74567e-32	-3.62822e-29	-9.18255e-33	-4.16392e-32	-8.39862e-29	-3.77342e-32	-7.8388e-29	-4.44958e-32	-8.45398e-29	-9.48394e-32	-3.05799e-29	-3.89868e-32	-8.05131e-29	5.2192e-29	3.94027e-31	-4.42894e-28	-1.11608e-31	-3.76054e-32	-7.61563e-29	-4.30356e-32	-8.48706e-29	-8.24397e-29	-4.0289e-32	-4.60439e-32	-8.19484e-29	-4.397e-28	-1.09805e-31	-4.41884e-28	-1.11068e-31	-4.38661e-28	-1.09076e-31	-3.15085e-28	6.18314e-32	-1.1041e-31	-4.40896e-28	2.3618e-26	2.1493e-28	2.32034e-25	2.04495e-24	439.94	3.48991e-21	1.55372e-24	3.4841e-21	1.54317e-24	1.53035e-24	3.47427e-21	3.46158e-21	1.5245e-24	3.45219e-21	1.51616e-24	4.67618e-21	2.39172e-24	1.84996e-24	4.20451e-21	1.88052e-20	6.05389e-23	2.56588e-23	5.06466e-20	2.40367e-24	4.67436e-20	5.22603e-20	2.74007e-23	2.48716e-23	4.95337e-20	2.84618e-23	5.20364e-20	1.85024e-24	4.20995e-21	4.81351e-20	2.40744e-23	5.16484e-20	2.65535e-23	5.05028e-20	2.93756e-23	1.83338e-24	4.19e-21	4.17002e-21	1.83043e-24	1.82877e-24	4.1818e-21	1.82871e-24	4.18305e-21	3.79642e-21	1.31328e-24	-6.99013e-19	-6.43035e-22	0	1.55934	0.234825	0	0	4.46336e-24	1.87313e-19	1.63086e-20	0	0	4.46796e-24	-5.77295e-24	-5.77637e-24	1440.76	48.0253	0	1	0	0	2.28802e-25	
42048	928.296	92.2742	-1.46703e-29	1.26266e-22	49820	114.924	0.0768615	49820	8.7839e-24	8.79798e-24	114.303	0.0762198	113.498	0.0755845	0.234799	1.5277	6.48164e-23	1.63496e-23	42.7698	40.579	37.9815	43.4917	0.0311296	0.0291277	0.0272735	0.0263041	2.32757e-25	5.12034e-24	0.0765398	114.644	6.47127e-23	1.63135e-23	0.0754954	113.692	0.032214	42.3537	0.0759014	113.918	8.7171e-27	113.642	0.0754049	4.28674e-27	1.53014	0.235174	0.026255	38.0272	113.495	0.0752318	113.308	0.0750792	41.7642	0.0281843	15.8783	0.0663549	39.3009	0.0263938	0.0301071	43.4416	1.94028e-25	1.93224e-24	4.28283e-27	132.744	0.100336	2.02118	0.0152553	1.66573e-26	1.80685e-24	3.16422e-26	113.576	0.0753183	113.402	0.0751454	282.367	28.0678	1.1251e-24	1.00297e-26	32.1406	39638.9	3.16778e-26	28.0678	282.367	1.9404e-25	1.93224e-24	500	0.320498	0.0319518	28.0678	282.369	8.71198e-27	0.104324	1.04857	2.25455e-25	2.24525e-24	0	1131.36	0.752134	1128.61	0.74898	744975	73821.5	0.745842	1125.26	1117.35	0.739613	0.742719	1121.47	382.986	0.262553	0.0738734	111.917	6.63587	1597.73	2.91294	4305.54	3957.75	2.63955	3.11315	4377.21	4085.97	2.72752	4262.2	3.22158	0.263057	3825.34	0.0737842	111.868	3.01089	4372.66	4204.81	2.8186	111.629	0.0735284	0.0736988	111.802	111.537	0.0734627	0.0736135	111.722	0.0978957	130.449	31.0972	38693.7	4.99776e-24	28.0678	282.367	4.9932e-24	0	0	1.53005e-31	3.24833e-29	1.52563e-31	3.2252e-29	3.17483e-29	1.51681e-31	3.20062e-29	1.52123e-31	3.14841e-29	1.51244e-31	-2.68169e-28	-1.23743e-31	3.37439e-29	1.5128e-31	-1.37711e-31	-2.95087e-28	-1.24807e-31	-2.75848e-28	-1.4716e-31	-2.96727e-28	-3.13649e-31	-1.07204e-28	-1.2896e-31	-2.83189e-28	5.24669e-28	5.16578e-30	4.15209e-28	1.8505e-30	-1.24382e-31	-2.68122e-28	-1.42335e-31	-2.98031e-28	-2.89796e-28	-1.33259e-31	-1.52279e-31	-2.8741e-28	4.22182e-28	1.85138e-30	4.17572e-28	1.85078e-30	4.24977e-28	1.85304e-30	1.36787e-27	3.54542e-30	1.85108e-30	4.19914e-28	1.94031e-25	2.13716e-27	1.50193e-24	1.93228e-24	439.94	1.36948e-20	9.19397e-25	1.36657e-20	9.02141e-25	8.88109e-25	1.36347e-20	1.35973e-20	8.69783e-25	1.35575e-20	8.5268e-25	2.28604e-20	1.17222e-23	1.02642e-24	1.64396e-20	9.22824e-20	2.96821e-22	1.261e-22	2.47943e-19	1.17701e-23	2.28513e-19	2.55582e-19	1.34734e-22	1.22027e-22	2.41947e-19	1.39243e-22	2.54833e-19	1.01106e-24	1.64127e-20	2.35421e-19	1.18101e-22	2.52799e-19	1.30344e-22	2.47124e-19	1.44101e-22	9.94385e-25	1.63871e-20	1.62932e-20	9.36229e-25	9.61102e-25	1.63255e-20	9.77566e-25	1.63579e-20	1.3373e-20	-5.67375e-24	-3.37768e-18	-8.30983e-21	0	1.53073	0.234802	0	0	3.68905e-23	9.22033e-19	7.97376e-20	0	0	3.6932e-23	-4.18883e-23	-4.19252e-23	1429.19	47.6398	0	1	0	0	1.5056e-24	
49056	910.279	92.2556	-7.16552e-31	1.17566e-22	49820	126.163	0.087649	49820	5.41269e-24	5.42136e-24	125.472	0.0869255	124.577	0.0862091	0.23477	1.49984	3.12021e-23	-1.61962e-24	41.0333	38.8734	36.3301	41.7862	0.0311169	0.0291154	0.0272617	0.0262926	1.11228e-25	-3.99079e-24	0.0872863	125.85	3.11522e-23	-1.61039e-24	0.0861121	124.844	0.032201	40.7209	0.0865664	125.043	5.35759e-27	124.793	0.086013	2.604e-27	1.50223	0.235145	0.026252	36.3796	124.638	0.0858238	124.442	0.0856594	40.0388	0.0281723	15.2761	0.0663286	37.6206	0.0263823	0.0300946	41.7082	9.31172e-26	-9.8778e-25	2.60161e-27	147.159	0.116307	2.46458	0.0194933	1.02474e-26	1.19491e-24	1.51617e-26	124.724	0.0859183	124.54	0.0857294	276.886	28.0621	-9.83119e-25	6.14459e-27	38.9689	45397.6	1.51784e-26	28.0621	276.886	9.31255e-26	-9.87779e-25	500	0.31428	0.0319454	28.0621	276.889	5.35337e-27	0.104303	1.02822	1.0812e-25	-1.14461e-24	0	1243.65	0.858871	1240.57	0.855311	730506	73807	0.851769	1236.85	1228.05	0.844738	0.848245	1232.63	366.385	0.262526	0.0843781	123.059	6.6333	1537.09	2.91175	4130.64	3788.47	2.63842	3.11191	4205.45	3914.15	2.72637	4097.78	3.22032	0.262945	3658.96	0.0842804	123.009	3.00967	4198.08	4031.01	2.81743	122.758	0.0840007	0.084187	122.94	122.661	0.0839314	0.0840938	122.855	0.113698	144.854	37.8538	44490.9	3.03581e-24	28.0621	276.886	3.03303e-24	0	0	1.07892e-31	1.06073e-28	1.07487e-31	1.05756e-28	1.04968e-28	1.06684e-31	1.05383e-28	1.07084e-31	1.04524e-28	1.06284e-31	-2.61713e-29	-5.11092e-33	1.05317e-28	1.06212e-31	-5.77236e-33	-2.81042e-29	-5.23561e-33	-2.679e-29	-6.16521e-33	-2.78896e-29	-1.31325e-32	-9.94825e-30	-5.40853e-33	-2.73264e-29	2.0815e-28	2.00729e-30	1.28809e-27	1.29811e-30	-5.21816e-33	-2.62047e-29	-5.96449e-33	-2.81987e-29	-2.77821e-29	-5.58726e-33	-6.37751e-33	-2.6839e-29	1.28691e-27	1.29536e-30	1.28785e-27	1.2972e-30	1.2865e-27	1.295e-30	1.69865e-27	1.98555e-30	1.29628e-30	1.28744e-27	9.31147e-26	8.7441e-28	7.10471e-25	-9.87631e-25	439.94	6.93492e-21	-1.08e-24	6.92724e-21	-1.083e-24	-1.08675e-24	6.91445e-21	6.89922e-21	-1.08951e-24	6.8811e-21	-1.09245e-24	1.28329e-20	6.58952e-24	-1.34564e-24	8.31439e-21	5.18475e-20	1.66905e-22	7.09096e-23	1.39222e-19	6.61796e-24	1.28281e-19	1.43587e-19	7.57298e-23	6.862e-23	1.35866e-19	7.83105e-23	1.43136e-19	-1.35424e-24	8.30161e-21	1.32152e-19	6.64078e-23	1.41956e-19	7.32705e-23	1.38825e-19	8.10344e-23	-1.36175e-24	8.28758e-21	8.2376e-21	-1.38919e-24	-1.37802e-24	8.25631e-21	-1.36973e-24	8.2723e-21	6.35994e-21	-6.08423e-24	-1.88547e-18	-5.90448e-21	0	1.50279	0.234773	0	0	1.76763e-23	5.19142e-19	4.48177e-20	0	0	1.76958e-23	-2.07121e-23	-2.07289e-23	1417.72	47.2574	0	1	0	0	7.20077e-25	
56064	892.679	92.2341	7.09414e-29	1.52731e-21	49820	137.473	0.0991815	49820	6.41166e-23	6.42193e-23	136.705	0.0983703	135.717	0.0975672	0.234737	1.47262	2.15927e-22	-2.35596e-23	39.3721	37.2434	34.7535	40.1534	0.0311022	0.0291013	0.0272481	0.0262792	7.50179e-25	-2.5445e-23	0.0987749	137.124	2.15582e-22	-2.34755e-23	0.097462	136.067	0.032186	39.1571	0.0979677	136.231	6.34353e-26	136.015	0.0973536	3.07105e-26	1.47497	0.235112	0.0262478	34.8072	135.852	0.0971472	135.644	0.0969703	38.3891	0.0281583	14.6991	0.0662982	36.0156	0.0263689	0.0300802	40.0494	6.37562e-25	-8.02255e-24	3.06823e-26	161.644	0.133381	2.93185	0.0242979	1.2135e-25	-1.26737e-24	1.03266e-25	135.942	0.0972504	135.747	0.0970443	271.533	28.0556	-5.9113e-24	7.26955e-26	46.2655	50926.1	1.03372e-25	28.0556	271.533	6.37659e-25	-8.02254e-24	500	0.308206	0.031938	28.0556	271.535	6.33823e-26	0.104278	1.00835	7.38344e-25	-9.31374e-24	0	1356.63	0.972979	1353.2	0.968984	716374	73790.2	0.96501	1349.07	1339.34	0.957121	0.961055	1344.41	350.543	0.262486	0.0956082	134.271	6.63033	1479	2.91036	3963.34	3626.79	2.63711	3.11047	4041.03	3749.97	2.72503	3940.32	3.21885	0.262815	3500.13	0.0955014	134.219	3.00826	4031.04	3864.85	2.81607	133.954	0.0951962	0.0953995	134.146	133.852	0.0951229	0.0952977	134.057	0.130592	159.327	45.0739	50055.3	3.58028e-23	28.0556	271.533	3.57699e-23	0	0	8.32281e-31	1.4382e-27	8.2863e-31	1.4349e-27	1.42623e-27	8.2139e-31	1.43084e-27	8.25003e-31	1.42117e-27	8.17799e-31	6.92996e-28	4.3246e-31	1.42143e-27	8.16647e-31	4.80138e-31	7.74693e-28	4.35092e-31	7.1529e-28	5.13125e-31	7.85321e-28	1.09373e-30	2.8588e-28	4.49587e-31	7.37363e-28	6.84341e-28	3.64878e-30	1.73763e-26	9.97448e-30	4.33614e-31	6.92394e-28	4.96277e-31	7.85626e-28	7.57683e-28	4.64594e-31	5.3099e-31	7.63629e-28	1.7334e-26	9.93407e-30	1.73643e-26	9.96097e-30	1.73174e-26	9.92258e-30	1.96095e-26	1.23605e-29	9.94752e-30	1.735e-26	6.37442e-25	3.11777e-27	5.12959e-24	-8.02227e-24	439.94	6.58159e-20	-2.22673e-23	6.57606e-20	-2.22579e-23	-2.22477e-23	6.5672e-20	6.55561e-20	-2.22375e-23	6.54207e-20	-2.22273e-23	1.30437e-19	6.70503e-23	-2.7269e-23	7.8811e-20	5.27213e-19	1.69838e-21	7.21543e-22	1.41547e-18	6.73493e-23	1.30397e-18	1.45984e-18	7.70711e-22	6.98267e-22	1.38122e-18	7.96854e-22	1.45547e-18	-2.73369e-23	7.86875e-20	1.34348e-18	6.7578e-22	1.44338e-18	7.45679e-22	1.41169e-18	8.2456e-22	-2.74105e-23	7.8548e-20	7.80675e-20	-2.76647e-23	-2.75509e-23	7.82458e-20	-2.74813e-23	7.84007e-20	5.7497e-20	-8.23179e-23	-1.91099e-17	-6.87554e-20	0	1.4755	0.234741	0	0	1.20388e-22	5.28597e-18	4.56044e-19	0	0	1.20513e-22	-1.56191e-22	-1.56283e-22	1406.34	46.878	0	1	0	0	5.25539e-24	
63072	875.479	92.2094	-2.22813e-27	-2.93604e-20	49820	148.862	0.111511	49820	-1.28453e-21	-1.28658e-21	148.013	0.110606	146.926	0.10971	0.234699	1.44602	-4.76134e-21	-5.1944e-22	37.7821	35.6847	33.2472	38.5892	0.0310853	0.029085	0.0272324	0.0262639	-1.66343e-23	-6.38841e-23	0.111057	148.476	-4.75373e-21	-5.18495e-22	0.109596	147.371	0.0321688	37.6584	0.110157	147.492	-1.27167e-24	147.317	0.109478	-6.16465e-25	1.44833	0.235074	0.0262423	33.3057	147.144	0.109253	146.925	0.109063	36.8107	0.0281424	14.146	0.0662632	34.4815	0.0263535	0.0300636	38.461	-1.40909e-23	-2.16119e-23	-6.15899e-25	176.213	0.151636	3.42106	0.0297065	-2.43204e-24	-6.52048e-24	-2.28494e-24	147.24	0.109365	147.034	0.109141	266.301	28.0481	-1.45605e-23	-1.45799e-24	54.0623	56239.3	-2.28734e-24	28.0481	266.301	-1.40928e-23	-2.16121e-23	500	0.302269	0.0319295	28.0481	266.303	-1.27064e-24	0.10425	0.988918	-1.63275e-23	-2.50923e-23	0	1470.39	1.09497	1466.59	1.09051	702564	73770.8	1.08607	1462.03	1451.32	1.07727	1.08166	1456.89	335.417	0.262433	0.107614	145.561	6.62691	1423.31	2.90877	3803.23	3472.28	2.63561	3.10882	3883.54	3592.98	2.7235	3789.43	3.21717	0.262665	3348.41	0.107498	145.507	3.00664	3871.09	3705.9	2.81451	145.227	0.107165	0.107387	145.431	145.119	0.107088	0.107276	145.337	0.148654	173.881	52.7891	55402.2	-7.18687e-22	28.0481	266.301	-7.18028e-22	0	0	-1.7941e-29	-3.41109e-26	-1.786e-29	-3.40358e-26	-3.38366e-26	-1.76993e-29	-3.39429e-26	-1.77795e-29	-3.372e-26	-1.76196e-29	-1.88814e-26	-1.14416e-29	-3.36973e-26	-1.7592e-29	-1.27063e-29	-2.10733e-26	-1.15144e-29	-1.94825e-26	-1.35791e-29	-2.13443e-26	-2.89436e-29	-7.76389e-27	-1.1898e-29	-2.0075e-26	-1.09973e-26	-1.98594e-29	-4.11913e-25	-2.14839e-28	-1.14753e-29	-1.8867e-26	-1.31333e-29	-2.13616e-26	-2.06194e-26	-1.2295e-29	-1.40518e-29	-2.07464e-26	-4.10855e-25	-2.13881e-28	-4.1161e-25	-2.14519e-28	-4.10439e-25	-2.13594e-28	-4.57094e-25	-2.53174e-28	-2.142e-28	-4.11254e-25	-1.40888e-23	-5.09509e-26	-1.12058e-22	-2.16113e-23	439.94	-1.28212e-18	6.10347e-22	-1.2815e-18	6.0955e-22	6.08759e-22	-1.28018e-18	-1.27834e-18	6.07961e-22	-1.27608e-18	6.07165e-22	-2.67203e-18	-1.37446e-21	7.44229e-22	-1.53396e-18	-1.08038e-17	-3.48175e-20	-1.47925e-20	-2.90006e-17	-1.3807e-21	-2.67127e-17	-2.99124e-17	-1.58e-20	-1.43151e-20	-2.82977e-17	-1.63359e-20	-2.98236e-17	7.45507e-22	-1.53149e-18	-2.75233e-17	-1.38541e-20	-2.95735e-17	-1.52868e-20	-2.89272e-17	-1.69041e-20	7.46819e-22	-1.52877e-18	-1.51924e-18	7.51708e-22	7.4944e-22	-1.52279e-18	7.48129e-22	-1.52586e-18	-1.07681e-18	1.96612e-21	3.90615e-16	1.5279e-18	0	1.44884	0.234703	0	0	-2.66383e-21	-1.08416e-16	-9.34794e-18	0	0	-2.66663e-21	3.38252e-21	3.38466e-21	1395.05	46.5018	0	1	0	0	-1.15029e-22	
70080	858.661	92.1815	2.2283e-26	2.74047e-19	49820	160.342	0.124693	49820	1.21926e-20	1.22121e-20	159.407	0.123688	158.216	0.122692	0.234656	1.42001	4.66832e-20	3.82079e-21	36.2594	34.1933	31.8075	37.0898	0.0310662	0.0290665	0.0272146	0.0262465	1.6338e-22	-9.92694e-23	0.124189	159.916	4.66086e-20	3.81489e-21	0.12257	158.766	0.0321493	36.2213	0.123189	158.835	1.20728e-23	158.709	0.122441	5.85584e-24	1.42228	0.235031	0.0262354	31.8712	158.527	0.122196	158.295	0.121991	35.2998	0.0281243	13.6154	0.0662236	33.0144	0.0263361	0.0300448	36.939	1.38256e-22	-2.55833e-23	5.85047e-24	190.878	0.171153	3.93042	0.0357596	2.30872e-23	-1.19867e-23	2.24275e-23	158.628	0.122318	158.409	0.122074	261.185	28.0396	-2.40308e-23	1.38439e-23	62.3934	61350.8	2.24511e-23	28.0396	261.185	1.38275e-22	-2.55817e-23	500	0.296465	0.0319198	28.0396	261.188	1.20632e-23	0.104219	0.969923	1.60229e-22	-2.97399e-23	0	1585.04	1.2254	1580.85	1.22044	689061	73748.9	1.21551	1575.83	1564.09	1.20572	1.2106	1570.19	320.968	0.262366	0.12045	156.942	6.62302	1369.89	2.90696	3649.9	3324.52	2.6339	3.10694	3732.58	3442.79	2.72176	3644.76	3.21525	0.262494	3203.39	0.120323	156.885	3.0048	3717.85	3553.76	2.81273	156.587	0.119962	0.120203	156.804	156.474	0.11988	0.120082	156.704	0.167965	188.531	61.033	60545.2	6.82687e-21	28.0396	261.185	6.82061e-21	0	0	1.79142e-28	3.37337e-25	1.78334e-28	3.36589e-25	3.34607e-25	1.7673e-28	3.35664e-25	1.7753e-28	3.33448e-25	1.75935e-28	1.8781e-25	1.13562e-28	3.33244e-25	1.75662e-28	1.26115e-28	2.09579e-25	1.14284e-28	1.9378e-25	1.34777e-28	2.12259e-25	2.87276e-28	7.72028e-26	1.18091e-28	1.99666e-25	1.08788e-25	2.562e-28	4.07353e-24	2.14524e-27	1.13896e-28	1.87666e-25	1.30353e-28	2.12438e-25	2.05073e-25	1.22032e-28	1.39469e-28	2.06306e-25	4.06299e-24	2.1357e-27	4.07051e-24	2.14205e-27	4.05885e-24	2.13285e-27	4.51693e-24	2.53224e-27	2.13888e-27	4.06696e-24	1.38237e-22	5.1374e-25	1.09632e-21	-2.55844e-23	439.94	1.21185e-17	-6.18383e-21	1.21135e-17	-6.17491e-21	-6.16599e-21	1.21021e-17	1.20857e-17	-6.15708e-21	1.20654e-17	-6.14819e-21	2.55659e-17	1.3153e-20	-7.53494e-21	1.44956e-17	1.03378e-16	3.33193e-19	1.4156e-19	2.77488e-16	1.3213e-20	2.55589e-16	2.86217e-16	1.51202e-19	1.36992e-19	2.70759e-16	1.56329e-19	2.8537e-16	-7.5468e-21	1.44721e-17	2.63348e-16	1.3258e-19	2.82972e-16	1.46291e-19	2.76795e-16	1.61766e-19	-7.55904e-21	1.44464e-17	1.43559e-17	-7.60509e-21	-7.58349e-21	1.43897e-17	-7.57127e-21	1.44188e-17	1.00754e-17	-1.9436e-20	-3.73553e-15	-1.48856e-17	0	1.42277	0.234661	0	0	2.61464e-20	1.03762e-15	8.9455e-17	0	0	2.6174e-20	-3.29733e-20	-3.29947e-20	1383.86	46.1285	0	1	0	0	1.12571e-21	
77088	842.21	92.1499	-7.08737e-25	-4.65396e-18	49820	171.923	0.138787	49820	-2.2793e-19	-2.28296e-19	170.896	0.137674	169.596	0.136573	0.234607	1.39457	-1.00953e-18	-8.72761e-20	34.8003	32.7656	30.4307	35.6518	0.0310446	0.0290457	0.0271946	0.0262269	-3.55852e-21	-4.87779e-22	0.138229	171.454	-1.00792e-18	-8.71363e-20	0.136441	170.263	0.0321272	34.8424	0.137122	170.271	-2.25974e-22	170.202	0.136301	-1.0992e-22	1.3968	0.234982	0.026227	30.5001	170.008	0.136035	169.762	0.135815	33.8527	0.0281039	13.1061	0.0661789	31.6107	0.0263164	0.0300236	35.48	-2.9987e-21	-3.19018e-22	-1.09819e-22	205.654	0.192023	4.45826	0.0425	-4.31914e-22	-6.82338e-23	-4.87162e-22	170.116	0.136168	169.883	0.135903	256.181	28.03	-8.33751e-23	-2.59357e-22	71.2951	66273.2	-4.87685e-22	28.03	256.181	-2.99903e-21	-3.19047e-22	500	0.290786	0.0319089	28.03	256.183	-2.25806e-22	0.104183	0.951342	-3.4778e-21	-3.7008e-22	0	1700.68	1.36485	1696.06	1.35936	675854	73724.1	1.3539	1690.56	1677.74	1.34306	1.34846	1684.4	307.157	0.262285	0.134175	168.421	6.61863	1318.63	2.90492	3502.99	3183.15	2.63197	3.10482	3587.82	3299.02	2.71979	3505.95	3.21309	0.262302	3064.73	0.134037	168.361	3.00271	3570.96	3408.05	2.81072	168.045	0.133644	0.133906	168.276	167.925	0.133557	0.133775	168.169	0.188614	203.288	69.8414	65497.1	-1.28148e-19	28.03	256.181	-1.28031e-19	0	0	-3.11168e-27	-8.9776e-24	-3.09551e-27	-8.96112e-24	-8.91515e-24	-3.06343e-27	-8.93991e-24	-3.07943e-27	-8.88765e-24	-3.04752e-27	-6.8009e-24	-3.91446e-27	-8.8561e-24	-3.04018e-27	-4.34964e-27	-7.57125e-24	-3.94179e-27	-7.01412e-24	-4.64829e-27	-7.65823e-24	-9.90747e-27	-2.78206e-24	-4.07303e-27	-7.22251e-24	1.46352e-24	5.40491e-26	-1.08245e-22	-3.71011e-26	-3.9284e-27	-6.79715e-24	-4.49575e-27	-7.66958e-24	-7.41328e-24	-4.20891e-27	-4.81004e-27	-7.4388e-24	-1.07931e-22	-3.68566e-26	-1.08153e-22	-3.70195e-26	-1.07805e-22	-3.67713e-26	-1.14299e-22	-3.18194e-26	-3.6938e-26	-1.08047e-22	-2.9984e-21	5.95429e-24	-2.33919e-20	-3.18992e-22	439.94	-2.13053e-16	1.75912e-19	-2.13126e-16	1.75525e-19	1.75139e-19	-2.13084e-16	-2.12955e-16	1.74754e-19	-2.12754e-16	1.7437e-19	-4.96327e-16	-2.55679e-19	2.13529e-19	-2.54372e-16	-2.00811e-15	-6.47774e-18	-2.7522e-18	-5.38856e-15	-2.5689e-19	-4.96219e-15	-5.55879e-15	-2.93964e-18	-2.66342e-18	-5.25752e-15	-3.0393e-18	-5.54267e-15	2.13705e-19	-2.53947e-16	-5.11322e-15	-2.57766e-18	-5.49542e-15	-2.84417e-18	-5.37642e-15	-3.14499e-18	2.13891e-19	-2.53483e-16	-2.51842e-16	2.14659e-19	2.14263e-19	-2.52462e-16	2.14077e-19	-2.52986e-16	-1.61673e-16	4.78683e-19	7.2233e-14	3.32169e-16	0	1.39727	0.234612	0	0	-5.6795e-19	-2.01871e-14	-1.7388e-15	0	0	-5.68561e-19	6.96099e-19	6.96592e-19	1372.75	45.7582	0	1	0	0	-2.41611e-20	
84096	826.11	92.1146	4.39727e-25	3.19335e-18	49820	183.615	0.153857	49820	7.7627e-20	7.77511e-20	182.491	0.15263	181.075	0.151415	0.234552	1.36967	-3.47977e-19	-3.0095e-20	33.4013	31.3981	29.1133	34.2719	0.0310204	0.0290224	0.0271721	0.026205	-1.33985e-21	-1.38482e-22	0.153242	183.101	-3.47419e-19	-3.00467e-20	0.151273	181.87	0.0321026	33.5187	0.152021	181.81	7.63264e-23	181.806	0.151121	3.58775e-23	1.37186	0.234927	0.0262171	29.189	181.599	0.150833	181.338	0.150596	32.466	0.028081	12.617	0.0661289	30.2669	0.0262944	0.0299999	34.0805	-1.07319e-21	-9.76785e-23	3.58442e-23	220.554	0.214338	5.00301	0.0499737	1.46339e-22	-4.64313e-24	-1.77558e-22	181.714	0.150977	181.465	0.150689	251.284	28.0192	-2.07731e-23	8.67511e-23	80.806	71017.9	-1.77791e-22	28.0192	251.284	-1.07305e-21	-9.76684e-23	500	0.28523	0.0318967	28.0192	251.286	7.6224e-23	0.104143	0.933159	-1.25586e-21	-1.14362e-22	0	1817.41	1.51395	1812.35	1.5079	662930	73696.3	1.50187	1806.34	1792.37	1.4899	1.49587	1799.62	293.952	0.262188	0.14885	180.01	6.61371	1269.4	2.90263	3362.16	3047.83	2.6298	3.10244	3448.91	3161.33	2.71759	3372.72	3.21067	0.262086	2932.06	0.1487	179.947	3.00038	3430.08	3268.43	2.80848	179.61	0.148273	0.148558	179.856	179.483	0.148181	0.148415	179.742	0.210693	218.168	79.2529	70269.6	4.18231e-20	28.0192	251.284	4.17843e-20	0	0	-1.67546e-27	-7.67992e-25	-1.66956e-27	-7.63716e-25	-7.54103e-25	-1.65784e-27	-7.59052e-25	-1.66369e-27	-7.48958e-25	-1.65202e-27	9.94706e-25	4.4282e-28	-7.6843e-25	-1.65147e-27	4.93709e-28	1.09535e-24	4.47525e-28	1.02384e-24	5.27521e-28	1.10137e-24	1.12419e-27	3.97849e-25	4.62387e-28	1.05114e-24	-3.61254e-24	-4.72194e-26	-9.4023e-24	-2.01889e-26	4.46004e-28	9.9507e-25	5.10252e-28	1.10627e-24	1.0757e-24	4.77773e-28	5.45833e-28	1.06672e-24	-9.4055e-24	-2.01609e-26	-9.40448e-24	-2.01795e-26	-9.40854e-24	-2.01618e-26	-1.49438e-23	-3.31111e-26	-2.01702e-26	-9.40547e-24	-1.07367e-21	-1.6335e-23	-7.23718e-21	-9.77259e-23	439.94	2.59723e-17	-3.9766e-20	2.60248e-17	-3.96555e-20	-3.95455e-20	2.60631e-17	2.60904e-17	-3.94359e-20	2.61084e-17	-3.93268e-20	7.27429e-17	3.7554e-20	-4.81301e-20	3.089e-17	2.94581e-16	9.51659e-19	4.04353e-19	7.90112e-16	3.7743e-20	7.27341e-16	8.15239e-16	4.31882e-19	3.91312e-19	7.70811e-16	4.4652e-19	8.12953e-16	-4.8142e-20	3.08355e-17	7.49568e-16	3.78717e-19	8.05866e-16	4.1786e-19	7.88636e-16	4.62042e-19	-4.81565e-20	3.07763e-17	3.05646e-17	-4.82374e-20	-4.81853e-20	3.06465e-17	-4.81709e-20	3.0713e-17	1.56758e-17	-9.55295e-20	-1.05206e-14	-5.94745e-17	0	1.37231	0.234559	0	0	-2.07029e-19	2.96863e-15	2.55365e-16	0	0	-2.073e-19	1.65206e-19	1.65516e-19	1361.73	45.3909	0	1	0	0	-7.31394e-21	
91104	810.348	92.0752	1.06653e-24	5.63003e-18	49820	195.428	0.169972	49820	3.70624e-19	3.71218e-19	194.201	0.168622	192.664	0.167285	0.234492	1.34529	2.43119e-18	2.08114e-19	32.0595	30.0877	27.8523	32.947	0.0309935	0.0289965	0.0271471	0.0261805	8.69463e-21	1.03176e-21	0.169295	194.865	2.4273e-18	2.07781e-19	0.167133	193.598	0.0320751	32.2473	0.167952	193.461	3.68375e-22	193.529	0.166968	1.80623e-22	1.34744	0.234866	0.0262055	27.9346	193.309	0.166656	193.03	0.166401	31.1365	0.0280555	12.147	0.0660731	28.9798	0.0262699	0.0299734	32.7375	7.26505e-21	7.23688e-22	1.80458e-22	235.59	0.238201	5.5632	0.0582297	7.03432e-22	1.76481e-22	1.18386e-21	193.431	0.166812	193.166	0.1665	246.49	28.0073	1.66181e-22	4.24083e-22	90.9675	75595.6	1.18518e-21	28.0073	246.49	7.26553e-21	7.23736e-22	500	0.27979	0.0318832	28.0073	246.492	3.68171e-22	0.104099	0.915356	8.43787e-21	8.40489e-22	0	1935.35	1.6734	1929.8	1.66673	650277	73665.4	1.6601	1923.25	1908.07	1.64693	1.6535	1915.94	281.319	0.262074	0.164543	191.718	6.60823	1222.11	2.90008	3227.08	2918.24	2.62739	3.09979	3315.57	3029.4	2.71513	3244.76	3.20797	0.261846	2805.07	0.16438	191.65	2.99778	3294.9	3134.58	2.80597	191.291	0.163917	0.164225	191.553	191.157	0.16382	0.164071	191.432	0.234303	233.181	89.3082	74873.4	2.10581e-19	28.0073	246.49	2.10389e-19	0	0	-9.85202e-27	1.29709e-23	-9.8226e-27	1.29853e-23	1.29948e-23	-9.76411e-27	1.29928e-23	-9.7933e-27	1.29924e-23	-9.73506e-27	1.34216e-23	7.93551e-27	1.27523e-23	-9.74261e-27	8.83042e-27	1.5006e-23	8.00385e-27	1.3864e-23	9.43558e-27	1.5203e-23	2.01088e-26	5.53065e-24	8.26984e-27	1.42894e-23	-2.13028e-23	-5.91653e-25	1.55918e-22	-1.19172e-25	7.97667e-27	1.3422e-23	9.1265e-27	1.52136e-23	1.46801e-23	8.54521e-27	9.76334e-27	1.47783e-23	1.55622e-22	-1.19217e-25	1.55838e-22	-1.19187e-25	1.55472e-22	-1.1932e-25	1.53041e-22	-2.28128e-25	-1.19202e-25	1.55738e-22	7.26498e-21	-1.35854e-22	5.59116e-20	7.23679e-22	439.94	-1.29733e-16	-1.72169e-18	-1.2544e-16	-1.7156e-18	-1.70954e-18	-1.211e-16	-1.16735e-16	-1.70351e-18	-1.12382e-16	-1.69751e-18	9.00776e-16	4.72116e-19	-2.07589e-18	-1.6653e-16	3.67061e-15	1.19823e-17	5.09306e-18	9.81389e-15	4.75466e-19	9.01266e-15	1.01403e-14	5.43901e-18	4.92917e-18	9.56687e-15	5.62295e-18	1.01184e-14	-2.07483e-18	-1.66521e-16	9.2958e-15	4.77085e-18	1.00168e-14	5.2628e-18	9.82154e-15	5.81799e-18	-2.07387e-18	-1.66487e-16	-1.66609e-16	-2.07209e-18	-2.07197e-18	-1.66365e-16	-2.07292e-18	-1.66434e-16	-4.94795e-16	-3.41335e-18	-1.24327e-13	-1.68439e-15	0	1.34788	0.234499	0	0	1.38021e-18	3.76105e-14	3.20781e-15	0	0	1.38175e-18	-1.5908e-18	-1.59214e-18	1350.8	45.0266	0	1	0	0	5.68978e-20	
98112	794.91	92.0316	-3.14101e-24	-1.74312e-17	49820	207.372	0.187206	49820	-7.87936e-19	-7.89198e-19	206.036	0.185724	204.372	0.184257	0.234424	1.32142	-2.75729e-18	-2.33399e-19	30.7719	28.8316	26.6448	31.6745	0.0309636	0.0289677	0.0271194	0.0261534	-9.58899e-21	5.11519e-23	0.186463	206.758	-2.75288e-18	-2.33028e-19	0.184095	205.455	0.0320447	31.0256	0.184989	205.234	-7.81142e-22	205.381	0.183916	-3.78716e-22	1.32353	0.234799	0.0261921	26.7343	205.146	0.183578	204.85	0.183304	29.8614	0.0280273	11.6953	0.0660113	27.7467	0.0262427	0.0299441	31.4481	-8.14435e-21	-3.90769e-22	-3.78369e-22	250.775	0.263721	6.13747	0.0673203	-1.49306e-21	7.80732e-23	-1.31957e-21	205.277	0.183747	204.993	0.183409	241.794	27.994	8.34434e-23	-8.96556e-22	101.824	80016	-1.32094e-21	27.994	241.794	-8.14543e-21	-3.90871e-22	500	0.274461	0.0318681	27.994	241.796	-7.80563e-22	0.10405	0.897919	-9.43193e-21	-4.51627e-22	0	2054.57	1.84391	2048.52	1.83659	637886	73631	1.82931	2041.39	2024.95	1.81485	1.82206	2033.47	269.231	0.261944	0.181324	203.554	6.60216	1176.65	2.89725	3097.46	2794.08	2.62472	3.09685	3187.5	2902.93	2.7124	3121.81	3.20497	0.261579	2683.48	0.181148	203.481	2.9949	3165.12	3006.21	2.80319	203.098	0.180647	0.18098	203.378	202.955	0.180543	0.180814	203.248	0.259552	248.342	100.051	79318.4	-4.41516e-19	27.994	241.794	-4.41112e-19	0	0	3.31722e-26	-1.42907e-23	3.30597e-26	-1.43623e-23	-1.44834e-23	3.28363e-26	-1.4426e-23	3.29477e-26	-1.45352e-23	3.27254e-26	-2.49764e-23	-1.43448e-26	-1.39623e-23	3.27306e-26	-1.59748e-26	-2.79013e-23	-1.44806e-26	-2.57996e-23	-1.70688e-26	-2.82508e-23	-3.63746e-26	-1.02713e-23	-1.49615e-26	-2.65839e-23	5.91638e-23	1.45544e-24	-1.7074e-22	4.00193e-25	-1.44314e-26	-2.49837e-23	-1.651e-26	-2.82788e-23	-2.73032e-23	-1.54593e-26	-1.76612e-26	-2.74533e-23	-1.70495e-22	3.99843e-25	-1.70679e-22	4.00076e-25	-1.70318e-22	3.9996e-25	-1.34933e-22	6.90538e-25	3.99959e-25	-1.70596e-22	-8.14283e-21	3.63598e-22	-6.63621e-20	-3.90647e-22	439.94	3.89736e-16	3.5106e-18	3.80785e-16	3.49803e-18	3.48552e-18	3.71672e-16	3.62459e-16	3.47306e-18	3.53231e-16	3.46067e-18	-1.58307e-15	-8.32384e-19	4.23192e-18	4.89083e-16	-6.45871e-15	-2.11331e-17	-8.98332e-18	-1.72577e-14	-8.38671e-19	-1.58415e-14	-1.78365e-14	-9.5932e-18	-8.69438e-18	-1.68209e-14	-9.91747e-18	-1.78002e-14	4.22957e-18	4.88782e-16	-1.63418e-14	-8.41527e-18	-1.76171e-14	-9.28257e-18	-1.72799e-14	-1.02613e-17	4.22745e-18	4.88409e-16	4.87617e-16	4.22321e-18	4.22321e-18	4.87498e-16	4.22532e-18	4.87977e-16	1.11596e-15	6.87837e-18	2.16341e-13	3.33284e-15	0	1.32395	0.234432	0	0	-1.53838e-18	-6.63902e-14	-5.65463e-15	0	0	-1.53998e-18	1.97989e-18	1.98109e-18	1339.96	44.6652	0	1	0	0	-6.72608e-20	
105120	779.785	91.9834	1.50876e-24	8.3875e-18	49820	219.457	0.205637	49820	-9.95308e-20	-9.9692e-20	218.006	0.204014	216.207	0.202407	0.23435	1.29803	6.85837e-18	5.69033e-19	29.5357	27.6269	25.488	30.4518	0.0309306	0.0289359	0.0270888	0.0261235	2.5423e-20	-1.12758e-20	0.204823	218.789	6.84739e-18	5.68148e-19	0.202235	217.452	0.032011	29.8512	0.203209	217.138	-1.02257e-22	217.372	0.202042	-5.57696e-23	1.3001	0.234724	0.0261769	25.5852	217.12	0.201675	216.806	0.201381	28.6379	0.0279961	11.2608	0.0659431	26.5647	0.0262126	0.0299118	30.2097	2.08084e-20	-2.92749e-21	-5.57199e-23	266.122	0.291015	6.72452	0.0773015	-1.93034e-22	-2.79295e-21	3.41454e-21	217.26	0.201858	216.958	0.201493	237.193	27.9793	-2.78003e-21	-1.22758e-22	113.422	84288.2	3.41867e-21	27.9793	237.193	2.08084e-20	-2.92751e-21	500	0.269241	0.0318515	27.9793	237.195	-1.02483e-22	0.103995	0.880836	2.42576e-20	-3.37819e-21	0	2175.2	2.02626	2168.6	2.01824	625747	73593.1	2.01026	2160.87	2143.1	1.99443	2.00232	2152.3	257.66	0.261795	0.199272	215.528	6.59544	1132.93	2.89412	2973.04	2675.08	2.62176	3.0936	3064.44	2781.65	2.70939	3003.62	3.20166	0.261284	2567	0.199081	215.45	2.99171	3040.48	2883.05	2.80012	215.04	0.198539	0.1989	215.339	214.889	0.198428	0.198719	215.201	0.286556	263.662	111.528	83613.8	-6.50383e-20	27.9793	237.193	-6.49804e-20	0	0	7.89998e-27	3.08852e-23	7.86076e-27	3.08434e-23	3.07149e-23	7.78299e-27	3.07853e-23	7.82177e-27	3.06349e-23	7.74443e-27	1.30668e-23	8.89389e-27	3.05216e-23	7.72284e-27	9.8814e-27	1.47196e-23	8.95542e-27	1.35171e-23	1.05594e-26	1.49722e-23	2.25057e-26	5.46703e-24	9.25339e-27	1.39601e-23	8.96555e-24	-2.73142e-25	3.73199e-22	9.42633e-26	8.925e-27	1.30597e-23	1.02131e-26	1.49531e-23	1.43709e-23	9.56188e-27	1.09266e-26	1.45818e-23	3.72559e-22	9.36936e-26	3.73031e-22	9.40731e-26	3.72285e-22	9.34984e-26	4.2678e-22	8.72942e-26	9.38832e-26	3.72814e-22	2.08129e-20	-5.8452e-24	1.49878e-19	-2.92631e-21	439.94	-2.77857e-16	-1.97905e-18	-2.72737e-16	-1.97188e-18	-1.96475e-18	-2.67494e-16	-2.62171e-16	-1.95766e-18	-2.56823e-16	-1.9506e-18	7.67279e-16	4.04928e-19	-2.38526e-18	-3.45084e-16	3.13466e-15	1.02847e-17	4.37225e-18	8.37008e-15	4.08203e-19	7.67927e-15	8.65344e-15	4.6689e-18	4.2317e-18	8.15687e-15	4.82662e-18	8.63698e-15	-2.38385e-18	-3.44788e-16	7.92319e-15	4.09593e-18	8.54569e-15	4.5178e-18	8.38564e-15	4.99387e-18	-2.38256e-18	-3.44442e-16	-3.43521e-16	-2.37987e-18	-2.37999e-18	-3.43629e-16	-2.38127e-18	-3.44052e-16	-6.76447e-16	-3.83732e-18	-1.03654e-13	-1.8283e-15	0	1.30051	0.234358	0	0	3.98106e-18	3.23354e-14	2.75019e-15	0	0	3.98589e-18	-3.91602e-18	-3.92091e-18	1329.2	44.3067	0	1	0	0	1.52489e-19	
112128	764.96	91.9303	2.84026e-26	3.35201e-19	49820	231.694	0.22535	49820	-6.16759e-20	-6.1775e-20	230.12	0.223577	228.18	0.22182	0.234268	1.2751	1.50131e-19	-2.5833e-19	28.3487	26.4712	24.3795	29.2764	0.0308943	0.028901	0.0270551	0.0260905	6.04587e-22	-1.45393e-19	0.224461	230.967	1.4989e-19	-2.57641e-19	0.221638	229.597	0.031974	28.7218	0.222696	229.184	-6.17193e-23	229.511	0.221428	-3.12029e-23	1.27714	0.234642	0.0261597	24.485	229.241	0.221032	228.906	0.220716	27.4635	0.0279618	10.8429	0.0658681	25.4315	0.0261796	0.0298761	29.0199	4.72291e-22	-5.08936e-20	-3.11748e-23	281.642	0.320208	7.32317	0.0882329	-1.17559e-22	-3.248e-20	7.87384e-23	229.391	0.22123	229.068	0.220835	232.684	27.9632	-3.2744e-20	-7.16039e-23	125.813	88420.4	7.8852e-23	27.9632	232.684	4.72214e-22	-5.08936e-20	500	0.264124	0.0318331	27.9632	232.686	-6.17151e-23	0.103935	0.864093	5.55242e-22	-5.91201e-20	0	2297.32	2.2213	2290.14	2.21253	613849	73551.2	2.20381	2281.78	2262.61	2.18649	2.19513	2272.52	246.581	0.261626	0.218468	227.649	6.58804	1090.87	2.89067	2853.56	2560.99	2.6185	3.09003	2946.16	2665.32	2.70607	2889.97	3.19801	0.260959	2455.39	0.218261	227.565	2.9882	2920.73	2764.84	2.79674	227.126	0.217675	0.218065	227.446	226.966	0.217558	0.21787	227.298	0.315439	279.154	123.79	87767.9	-3.63811e-20	27.9632	232.684	-3.63484e-20	0	0	3.03726e-27	-3.67471e-25	3.02669e-27	-3.74823e-25	-3.88776e-25	3.0057e-27	-3.81911e-25	3.01617e-27	-3.95409e-25	2.99528e-27	-1.81807e-24	-1.00252e-27	-3.48899e-25	2.9951e-27	-1.11702e-27	-2.0272e-24	-1.01258e-27	-1.87733e-24	-1.19348e-27	-2.05055e-24	-2.54332e-27	-7.44829e-25	-1.04619e-27	-1.93343e-24	5.48017e-24	1.16411e-25	-4.26663e-24	3.66168e-26	-1.00914e-27	-1.81887e-24	-1.15443e-27	-2.0536e-24	-1.98474e-24	-1.08098e-27	-1.23489e-27	-1.99171e-24	-4.25972e-24	3.65732e-26	-4.26501e-24	3.66022e-26	-4.25064e-24	3.65784e-26	4.22695e-25	6.1279e-26	3.65877e-26	-4.26267e-24	4.72638e-22	3.09878e-23	-1.41521e-21	-5.08937e-20	439.94	1.40518e-17	1.49082e-19	1.36746e-17	1.48554e-19	1.48028e-19	1.32919e-17	1.29061e-17	1.47505e-19	1.25206e-17	1.46984e-19	-7.51871e-17	-3.94489e-20	1.7974e-19	1.78528e-17	-3.06558e-16	-1.00129e-18	-4.25605e-19	-8.19386e-16	-3.97329e-20	-7.52316e-16	-8.46751e-16	-4.54511e-19	-4.1191e-19	-7.98704e-16	-4.6988e-19	-8.44969e-16	1.79647e-19	1.78504e-17	-7.76014e-16	-3.98682e-19	-8.36388e-16	-4.39788e-19	-8.20225e-16	-4.86177e-19	1.79562e-19	1.78455e-17	1.78467e-17	1.79402e-19	1.79394e-19	1.78292e-17	1.79478e-19	1.78382e-17	4.62672e-17	2.94663e-19	1.03374e-14	1.44868e-16	0	1.27754	0.234277	0	0	9.18124e-20	-3.14614e-15	-2.68029e-16	0	0	9.19449e-20	-5.54312e-20	-5.55965e-20	1318.53	43.951	0	1	0	0	-1.41982e-21	
119136	750.427	91.872	-8.85637e-26	-4.9382e-19	49820	244.091	0.246436	49820	2.1992e-20	2.20274e-20	242.388	0.244501	240.3	0.242585	0.234178	1.25263	3.52104e-19	5.73793e-19	27.2083	25.3622	23.3169	28.1462	0.0308545	0.0288626	0.0270182	0.0260543	1.28198e-21	3.73491e-19	0.245467	243.303	3.51541e-19	5.72161e-19	0.242392	241.899	0.0319335	27.6353	0.243541	241.379	2.21207e-23	241.807	0.242165	1.15512e-23	1.25463	0.234552	0.0261405	23.4312	241.518	0.241737	241.161	0.241398	26.3359	0.0279241	10.4406	0.0657857	24.3446	0.0261433	0.0298371	27.8763	1.06019e-21	1.30698e-19	1.1541e-23	297.348	0.351437	7.93227	0.100178	4.2049e-23	8.44498e-20	1.73401e-22	241.678	0.241951	241.332	0.241524	228.263	27.9454	8.47481e-20	2.57877e-23	139.05	92420.2	1.73602e-22	27.9454	228.263	1.06023e-21	1.30698e-19	500	0.259108	0.031813	27.9455	228.265	2.21256e-23	0.103869	0.847678	1.23371e-21	1.51602e-19	0	2421.03	2.42992	2413.24	2.42035	602186	73505.3	2.41083	2404.21	2383.57	2.39193	2.40136	2394.23	235.97	0.261437	0.239001	239.926	6.57993	1050.4	2.88689	2738.79	2451.57	2.61493	3.08611	2832.43	2553.69	2.70243	2780.65	3.19401	0.260603	2348.42	0.238777	239.835	2.98435	2805.65	2651.35	2.79303	239.365	0.238144	0.238566	239.707	239.195	0.23802	0.238355	239.549	0.346335	294.83	136.888	91788.4	1.34693e-20	27.9454	228.263	1.34574e-20	0	0	4.31654e-27	3.84621e-24	4.29876e-27	3.83268e-24	3.80009e-24	4.26349e-27	3.81714e-24	4.28108e-27	3.78191e-24	4.24598e-27	1.55805e-24	9.69409e-28	3.79974e-24	4.24322e-27	1.07433e-27	1.7391e-24	9.73318e-28	1.60683e-24	1.1483e-27	1.7623e-24	2.44798e-27	6.41344e-25	1.00582e-27	1.65602e-24	2.55512e-24	8.30278e-26	4.64399e-23	5.18429e-26	9.70005e-28	1.55579e-24	1.11052e-27	1.7633e-24	1.70128e-24	1.03947e-27	1.18837e-27	1.71336e-24	4.62944e-23	5.16823e-26	4.63974e-23	5.17893e-26	4.6241e-23	5.16455e-26	5.33413e-23	7.20957e-26	5.17357e-26	4.63485e-23	1.06031e-21	2.54707e-23	1.20546e-20	1.30686e-19	439.94	4.12301e-17	3.37995e-20	4.1104e-17	3.36127e-20	3.34271e-20	4.09565e-17	4.0793e-17	3.32424e-20	4.06176e-17	3.30589e-20	8.33874e-17	4.27527e-20	4.0416e-20	4.90104e-17	3.37435e-16	1.0822e-18	4.59688e-19	9.05336e-16	4.29031e-20	8.33547e-16	9.34011e-16	4.9104e-19	4.44838e-19	8.83273e-16	5.07712e-19	9.31332e-16	4.03212e-20	4.89022e-17	8.58977e-16	4.30495e-19	9.23331e-16	4.7507e-19	9.03417e-16	5.25391e-19	4.02286e-20	4.87867e-17	4.84034e-17	3.99484e-20	4.00438e-20	4.85396e-17	4.01361e-20	4.86654e-17	3.50163e-17	3.4466e-20	-1.22537e-14	-8.63602e-18	0	1.25501	0.234188	0	0	2.02166e-19	3.39425e-15	2.90923e-16	0	0	2.02401e-19	-2.15636e-19	-2.15858e-19	1307.95	43.5982	0	1	0	0	1.24068e-20	
126144	736.175	91.8082	-1.25197e-26	-2.93623e-20	49820	256.659	0.268994	49820	-5.23487e-21	-5.24327e-21	254.819	0.266886	252.575	0.264798	0.23408	1.23059	-1.54713e-19	3.30046e-18	26.1125	24.2978	22.2983	27.0592	0.0308109	0.0288206	0.0269778	0.0260148	-5.67286e-22	1.88842e-18	0.267937	255.806	-1.54466e-19	3.29159e-18	0.264594	254.368	0.0318891	26.5897	0.265839	253.734	-5.21416e-24	254.268	0.264349	-2.60427e-24	1.23255	0.234454	0.0261191	22.4218	253.958	0.263887	253.578	0.263523	25.2531	0.0278829	10.0534	0.0656956	23.302	0.0261037	0.0297943	26.7769	-4.6723e-22	6.61223e-19	-2.60193e-24	313.251	0.384844	8.55078	0.113206	-9.94719e-24	4.241e-19	-7.65123e-23	254.129	0.264118	253.76	0.263657	223.928	27.926	4.26418e-19	-6.00644e-24	153.19	96294.7	-7.66026e-23	27.926	223.928	-4.67239e-22	6.61223e-19	500	0.254189	0.031791	27.9261	223.93	-5.21147e-24	0.103797	0.83158	-5.44073e-22	7.67695e-19	0	2546.43	2.65309	2538	2.64266	590748	73455	2.63229	2528.25	2506.06	2.61169	2.62196	2517.52	225.807	0.261226	0.260967	252.368	6.57104	1011.44	2.88275	2628.52	2346.61	2.61102	3.08181	2723.05	2446.54	2.69844	2675.45	3.18964	0.260213	2245.86	0.260725	252.269	2.98013	2695.01	2542.36	2.78897	251.767	0.260041	0.260497	252.132	251.586	0.259909	0.260269	251.962	0.379386	310.701	150.881	95682.6	-3.03636e-21	27.926	223.928	-3.03362e-21	0	0	1.66877e-28	-9.11911e-25	1.6661e-28	-9.11682e-25	-9.0986e-25	1.66076e-28	-9.1096e-25	1.66342e-28	-9.08457e-25	1.6581e-28	-5.82171e-25	-3.68979e-28	-8.99637e-25	1.66411e-28	-4.10349e-28	-6.53385e-25	-3.71926e-28	-6.01841e-25	-4.38482e-28	-6.63267e-25	-9.345e-28	-2.41734e-25	-3.84291e-28	-6.20932e-25	3.90048e-25	2.24605e-26	-1.10003e-23	2.03863e-27	-3.70663e-28	-5.82068e-25	-4.24113e-28	-6.63079e-25	-6.38554e-25	-3.97091e-28	-4.53718e-28	-6.45348e-25	-1.09812e-23	2.04864e-27	-1.09953e-23	2.04197e-27	-1.09723e-23	2.05462e-27	-1.1952e-23	5.33471e-27	2.0453e-27	-1.09889e-23	-4.673e-22	4.05104e-24	-4.41194e-21	6.61202e-19	439.94	9.8585e-18	7.31825e-20	9.67046e-18	7.29177e-20	7.26543e-20	9.4782e-18	9.28324e-18	7.23919e-20	9.08748e-18	7.21309e-20	-2.88228e-17	-1.52021e-20	8.82055e-20	1.22571e-17	-1.1772e-16	-3.86098e-19	-1.64137e-19	-3.1438e-16	-1.53242e-20	-2.88465e-16	-3.25002e-16	-1.75275e-19	-1.58861e-19	-3.06383e-16	-1.81196e-19	-3.24374e-16	8.81536e-20	1.22473e-17	-2.97616e-16	-1.53763e-19	-3.20966e-16	-1.69602e-19	-3.14926e-16	-1.87475e-19	8.81062e-20	1.22357e-17	1.22051e-17	8.80078e-20	8.80117e-20	1.2208e-17	8.80589e-20	1.22225e-17	2.45268e-17	1.42043e-19	3.90062e-15	6.77587e-17	0	1.23293	0.23409	0	0	-8.92055e-20	-1.21349e-15	-1.03252e-16	0	0	-8.93109e-20	9.22419e-20	9.23446e-20	1297.45	43.2483	0	1	0	0	-4.4857e-21	
133152	722.195	91.7386	2.68902e-27	4.38998e-21	49820	269.407	0.293128	49820	1.18529e-21	1.1872e-21	267.422	0.290834	265.014	0.288562	0.233972	1.20897	1.92219e-20	7.54384e-18	25.0594	23.2758	21.3214	26.0133	0.0307634	0.0287748	0.0269336	0.0259716	7.00483e-23	4.14076e-18	0.291978	268.484	1.91912e-20	7.5239e-18	0.288348	267.012	0.0318406	25.5834	0.289695	266.257	1.18267e-24	266.903	0.288084	5.91413e-25	1.2109	0.234346	0.0260953	21.4549	266.571	0.287585	266.166	0.287194	24.2129	0.027838	9.68052	0.0655973	22.3016	0.0260604	0.0297476	25.7197	5.7898e-23	1.45028e-18	5.9088e-25	329.363	0.420587	9.1777	0.127388	2.25489e-24	9.28628e-19	9.47014e-24	266.754	0.287834	266.36	0.287336	219.675	27.9049	9.33986e-19	1.36617e-24	168.295	100050	9.48115e-24	27.9049	219.675	5.78998e-23	1.45028e-18	500	0.249364	0.031767	27.9049	219.677	1.18226e-24	0.103719	0.815791	6.73771e-23	1.68415e-18	0	2673.61	2.89185	2664.5	2.8805	579530	73400	2.86921	2654	2630.19	2.8468	2.85798	2642.47	216.07	0.260992	0.284468	264.983	6.56134	973.93	2.87824	2522.53	2245.91	2.60675	3.07712	2617.81	2343.68	2.69409	2574.2	3.18485	0.259787	2147.52	0.284206	264.876	2.97553	2588.63	2437.67	2.78453	264.338	0.283468	0.28396	264.729	264.146	0.283327	0.283713	264.547	0.414748	326.779	165.828	99456.8	6.8954e-22	27.9049	219.675	6.88919e-22	0	0	-1.41945e-28	1.07957e-25	-1.41459e-28	1.08233e-25	1.08616e-25	-1.40493e-28	1.08448e-25	-1.40975e-28	1.08744e-25	-1.40014e-28	1.00405e-25	6.24586e-29	1.06311e-25	-1.40082e-28	6.95525e-29	1.12715e-25	6.30491e-29	1.03842e-25	7.43136e-29	1.14398e-25	1.58363e-28	4.16841e-26	6.5142e-29	1.07131e-25	-1.69489e-25	-6.99422e-27	1.3003e-24	-1.71277e-27	6.28352e-29	1.00434e-25	7.1882e-29	1.14377e-25	1.10164e-25	6.73086e-29	7.68921e-29	1.11295e-25	1.29917e-24	-1.71126e-27	1.30009e-24	-1.71226e-27	1.29832e-24	-1.71177e-27	1.31184e-24	-2.96203e-27	-1.71176e-27	1.29971e-24	5.79045e-23	-1.5507e-24	6.32895e-22	1.45026e-18	439.94	-2.26676e-18	-1.39449e-20	-2.23061e-18	-1.38937e-20	-1.38427e-20	-2.19345e-18	-2.15562e-18	-1.3792e-20	-2.11752e-18	-1.37415e-20	4.38002e-18	2.32386e-21	-1.68039e-20	-2.79255e-18	1.79231e-17	5.90624e-20	2.51129e-20	4.78199e-17	2.34475e-21	4.38475e-17	4.94561e-17	2.6815e-20	2.43064e-20	4.65931e-17	2.772e-20	4.937e-17	-1.67932e-20	-2.78953e-18	4.52494e-17	2.35273e-20	4.8832e-17	2.59481e-20	4.79404e-17	2.86795e-20	-1.67833e-20	-2.78609e-18	-2.77609e-18	-1.67618e-20	-1.67637e-20	-2.77817e-18	-1.67735e-20	-2.78228e-18	-4.8938e-18	-2.67079e-20	-5.81959e-16	-1.24467e-17	0	1.21126	0.233984	0	0	1.10411e-20	1.85663e-16	1.57773e-17	0	0	1.1054e-20	-1.17307e-20	-1.17429e-20	1287.03	42.9011	0	1	0	0	6.4063e-22	
140160	708.479	91.6627	-3.49367e-27	-7.57038e-21	49820	282.343	0.31895	49820	-7.51538e-22	-7.52743e-22	280.206	0.316457	277.626	0.313989	0.233855	1.18776	-2.19375e-20	1.26738e-17	24.047	22.2946	20.3846	25.0069	0.0307116	0.0287249	0.0268856	0.0259246	-8.04319e-23	6.82626e-18	0.317701	281.348	-2.19024e-20	1.26406e-17	0.313765	279.839	0.0317878	24.6146	0.31522	278.956	-7.49052e-25	279.721	0.31348	-3.7029e-25	1.18966	0.234228	0.0260691	20.5285	279.365	0.312941	278.934	0.312522	23.2135	0.027789	9.32139	0.0654901	21.3416	0.0260132	0.0296968	24.7029	-6.62472e-23	2.39122e-18	-3.69954e-25	345.694	0.458833	9.8121	0.142802	-1.42875e-24	1.52997e-18	-1.08486e-23	279.561	0.31321	279.14	0.312673	215.503	27.8818	1.53885e-18	-8.64317e-25	184.43	103693	-1.08614e-23	27.8818	215.503	-6.62481e-23	2.39122e-18	500	0.24463	0.0317408	27.8818	215.505	-7.48742e-25	0.103633	0.8003	-7.71391e-23	2.7771e-18	0	2802.67	3.14731	2792.83	3.13498	568524	73340.1	3.12271	2781.55	2756.03	3.09835	3.1105	2769.18	206.743	0.260734	0.309613	277.781	6.55077	937.801	2.87331	2420.65	2149.27	2.60209	3.07201	2516.55	2244.91	2.68935	2476.73	3.17965	0.259323	2053.21	0.30933	277.664	2.97052	2486.31	2337.09	2.7797	277.089	0.308533	0.309064	277.506	276.885	0.308384	0.308799	277.312	0.452584	343.074	181.795	103117	-4.31717e-22	27.8818	215.504	-4.31326e-22	0	0	1.30646e-28	-1.09563e-25	1.30197e-28	-1.09807e-25	-1.10126e-25	1.29304e-28	-1.09991e-25	1.29749e-28	-1.10221e-25	1.28861e-28	-9.12842e-26	-5.77838e-29	-1.08007e-25	1.28937e-28	-6.4346e-29	-1.02584e-25	-5.83299e-29	-9.44333e-26	-6.87504e-29	-1.0417e-25	-1.46507e-28	-3.79755e-26	-6.02659e-29	-9.74504e-26	1.3586e-25	6.60046e-27	-1.32108e-24	1.57649e-27	-5.81319e-29	-9.13093e-26	-6.65009e-29	-1.04124e-25	-1.00237e-25	-6.22702e-29	-7.11356e-29	-1.0137e-25	-1.32007e-24	1.57509e-27	-1.32091e-24	1.57602e-27	-1.31928e-24	1.57556e-27	-1.36689e-24	2.72818e-27	1.57555e-27	-1.32057e-24	-6.62569e-23	1.42591e-24	-6.52331e-22	2.39119e-18	439.94	2.18557e-18	1.34057e-20	2.15091e-18	1.33563e-20	1.33072e-20	2.11528e-18	2.07901e-18	1.32583e-20	2.04247e-18	1.32096e-20	-4.07881e-18	-2.1656e-21	1.61537e-20	2.68965e-18	-1.66929e-17	-5.50464e-20	-2.34059e-20	-4.45348e-17	-2.1854e-21	-4.08334e-17	-4.606e-17	-2.49921e-20	-2.26544e-20	-4.33916e-17	-2.58354e-20	-4.59803e-17	1.61433e-20	2.68663e-18	-4.21396e-17	-2.19284e-20	-4.54781e-17	-2.41842e-20	-4.46495e-17	-2.67296e-20	1.61337e-20	2.68319e-18	2.67321e-18	1.61127e-20	1.61146e-20	2.67536e-18	1.61242e-20	2.67942e-18	4.66912e-18	2.56325e-20	5.40755e-16	1.19046e-17	0	1.19001	0.233868	0	0	-1.26483e-20	-1.72983e-16	-1.47018e-17	0	0	-1.26633e-20	1.30801e-20	1.30946e-20	1276.7	42.5568	0	1	0	0	-6.60304e-22	
147168	695.022	91.58	-4.1981e-27	-2.39133e-20	49820	295.478	0.346583	49820	1.61261e-21	1.61521e-21	293.179	0.343877	290.419	0.341197	0.233727	1.16695	5.51673e-20	1.77747e-17	23.0738	21.3523	19.4861	24.0383	0.0306553	0.0286707	0.0268333	0.0258734	2.02404e-22	9.43665e-18	0.345227	294.405	5.5079e-20	1.77284e-17	0.340964	292.858	0.0317304	23.6817	0.342534	291.84	1.62341e-24	292.73	0.340656	8.31045e-25	1.16881	0.234101	0.0260402	19.6411	292.347	0.340076	291.888	0.339625	22.2532	0.0277357	8.97545	0.0653737	20.4202	0.0259619	0.0296416	23.7248	1.6664e-22	3.30606e-18	8.303e-25	362.255	0.49976	10.4531	0.159532	3.08588e-24	2.1144e-18	2.72953e-23	292.557	0.340366	292.107	0.339786	211.41	27.8566	2.12642e-18	1.8998e-24	201.664	107228	2.73275e-23	27.8566	211.41	1.66641e-22	3.30606e-18	500	0.239986	0.0317123	27.8566	211.412	1.62419e-24	0.10354	0.7851	1.94046e-22	3.83987e-18	0	2933.69	3.42068	2923.09	3.40729	557725	73274.9	3.39397	2910.97	2883.66	3.36752	3.38071	2897.73	197.807	0.26045	0.33652	290.768	6.53928	902.999	2.86796	2322.71	2056.53	2.59703	3.06645	2419.1	2150.07	2.68419	2382.88	3.17398	0.258818	1962.75	0.336216	290.642	2.96506	2387.89	2240.45	2.77445	290.026	0.335356	0.335929	290.471	289.809	0.335197	0.335642	290.264	0.493073	359.598	198.85	106669	9.68999e-22	27.8566	211.41	9.68131e-22	0	0	-7.4265e-29	3.64394e-25	-7.41174e-29	3.6431e-25	3.63596e-25	-7.38234e-29	3.64029e-25	-7.39702e-29	3.63042e-25	-7.36773e-29	2.21841e-25	1.42021e-28	3.59701e-25	-7.39387e-29	1.57952e-28	2.49116e-25	1.43164e-28	2.29367e-25	1.6878e-28	2.52954e-25	3.59704e-28	9.22154e-26	1.47923e-28	2.36676e-25	-1.14379e-25	-9.18064e-27	4.39839e-24	-9.05476e-28	1.42678e-28	2.21801e-25	1.6325e-28	2.52847e-25	2.43427e-25	1.5285e-28	1.74644e-28	2.46153e-25	4.39117e-24	-9.08987e-28	4.39654e-24	-9.06647e-28	4.38773e-24	-9.11233e-28	4.81343e-24	-2.23528e-27	-9.07817e-28	4.3941e-24	1.66665e-22	-1.62533e-24	1.79031e-21	3.30603e-18	439.94	-3.54339e-18	-2.63432e-20	-3.4762e-18	-2.62474e-20	-2.61521e-20	-3.40751e-18	-3.33786e-18	-2.60572e-20	-3.26793e-18	-2.59628e-20	9.89017e-18	5.22013e-21	-3.17497e-20	-4.39491e-18	4.03975e-17	1.32598e-19	5.63719e-20	1.07881e-16	5.26307e-21	9.89861e-17	1.11528e-16	6.01962e-20	5.45601e-20	1.05136e-16	6.22294e-20	1.11313e-16	-3.17306e-20	-4.39099e-18	1.02127e-16	5.28098e-20	1.10142e-16	5.82484e-20	1.08071e-16	6.43853e-20	-3.17131e-20	-4.38641e-18	-4.37408e-18	-3.16764e-20	-3.16783e-20	-4.37563e-18	-3.16957e-20	-4.38126e-18	-8.65324e-18	-5.09735e-20	-1.33556e-15	-2.41596e-17	0	1.16916	0.233741	0	0	3.18235e-20	4.16512e-16	3.54522e-17	0	0	3.18612e-20	-3.27925e-20	-3.28293e-20	1266.46	42.2152	0	1	0	0	1.81976e-21	
154176	681.815	91.4903	-1.12046e-26	-3.0529e-20	49820	308.818	0.376157	49820	-4.22261e-22	-4.22934e-22	306.35	0.373222	303.399	0.370316	0.233589	1.14652	6.64485e-20	2.11849e-17	22.138	20.4474	18.6243	23.1061	0.0305942	0.0286118	0.0267766	0.0258179	2.45698e-22	1.10604e-17	0.374686	307.664	6.63421e-20	2.113e-17	0.370074	306.075	0.0316681	22.7834	0.371765	304.918	-4.09467e-25	305.936	0.369742	-1.8328e-25	1.14836	0.233962	0.0260087	18.7909	305.526	0.369116	305.038	0.368632	21.3305	0.027678	8.64217	0.0652473	19.536	0.0259063	0.0295816	22.7838	2.01384e-22	3.87562e-18	-1.83109e-25	379.056	0.543564	11.0999	0.177665	-7.88383e-25	2.47778e-18	3.30353e-23	305.751	0.369429	305.27	0.368804	207.393	27.8293	2.49095e-18	-4.524e-25	220.073	110661	3.3075e-23	27.8293	207.393	2.01382e-22	3.87562e-18	500	0.235427	0.0316813	27.8294	207.394	-4.08211e-25	0.103438	0.770184	2.34693e-22	4.50184e-18	0	3066.77	3.71325	3055.35	3.69873	547128	73204	3.68427	3042.36	3013.16	3.65558	3.66989	3028.19	189.247	0.260139	0.365318	303.954	6.5268	869.472	2.86215	2228.54	1967.52	2.59154	3.06042	2325.3	2058.99	2.67859	2292.5	3.16783	0.25827	1876	0.36499	303.816	2.95914	2293.21	2147.59	2.76874	303.157	0.364063	0.36468	303.633	302.927	0.363893	0.364371	303.411	0.536407	376.36	217.067	110118	-2.1362e-22	27.8293	207.393	-2.13422e-22	0	0	-1.36123e-28	3.08783e-25	-1.35675e-28	3.08845e-25	3.08503e-25	-1.34785e-28	3.08739e-25	-1.35229e-28	3.08163e-25	-1.34344e-28	1.55205e-25	1.05041e-28	3.05557e-25	-1.34652e-28	1.16891e-28	1.74913e-25	1.05957e-28	1.60626e-25	1.24896e-28	1.77909e-25	2.66163e-28	6.49591e-26	1.09476e-28	1.6589e-25	2.13204e-26	-1.01131e-26	3.73703e-24	-1.64688e-27	1.05597e-28	1.55191e-25	1.20808e-28	1.77685e-25	1.70771e-25	1.13118e-28	1.29232e-28	1.73265e-25	3.73305e-24	-1.64695e-27	3.73618e-24	-1.6469e-27	3.73084e-24	-1.6482e-27	4.19445e-24	-3.12467e-27	-1.64692e-27	3.73482e-24	2.01424e-22	-1.77655e-24	1.67577e-21	3.87561e-18	439.94	-2.98687e-18	-2.40522e-20	-2.92729e-18	-2.39637e-20	-2.38757e-20	-2.86649e-18	-2.80492e-18	-2.3788e-20	-2.74318e-18	-2.37008e-20	8.26893e-18	4.36732e-21	-2.8987e-20	-3.68819e-18	3.37659e-17	1.10969e-19	4.71796e-20	9.01871e-17	4.40497e-21	8.27629e-17	9.3228e-17	5.03789e-20	4.56638e-20	8.78962e-17	5.20798e-20	9.30452e-17	-2.89688e-20	-3.68411e-18	8.53847e-17	4.41996e-20	9.2073e-17	4.87494e-20	9.03327e-17	5.38834e-20	-2.89521e-20	-3.67948e-18	-3.66689e-18	-2.89163e-20	-2.89189e-20	-3.66887e-18	-2.89355e-20	-3.67437e-18	-7.252e-18	-4.62929e-20	-1.11451e-15	-2.16489e-17	0	1.14869	0.233604	0	0	3.85162e-20	3.4786e-16	2.96563e-17	0	0	3.85626e-20	-3.83026e-20	-3.83492e-20	1256.29	41.8763	0	1	0	0	1.70029e-21	
161184	668.854	91.393	2.05496e-26	7.27384e-20	49820	322.373	0.407813	49820	-1.08541e-21	-1.08716e-21	319.725	0.404633	316.576	0.401483	0.233438	1.12648	-1.22357e-19	2.08737e-17	21.2382	19.5783	17.7977	22.2088	0.030528	0.028548	0.0267152	0.0257578	-4.50884e-22	1.0687e-17	0.406219	321.132	-1.22161e-19	2.082e-17	0.401234	319.499	0.0316006	21.9183	0.403054	318.195	-1.11622e-24	319.348	0.400876	-6.10856e-25	1.12828	0.233811	0.0259742	17.9766	318.909	0.400202	318.388	0.399682	20.4438	0.0276153	8.32107	0.0651103	18.6873	0.025846	0.0295166	21.8786	-3.70283e-22	3.74576e-18	-6.10318e-25	396.107	0.590453	11.7517	0.197296	-2.10661e-24	2.39464e-18	-6.07033e-23	319.149	0.400539	318.636	0.399865	203.45	27.7997	2.40531e-18	-1.34604e-24	239.736	113996	-6.07758e-23	27.7997	203.45	-3.70281e-22	3.74576e-18	500	0.230954	0.0316477	27.7997	203.452	-1.11893e-24	0.103328	0.755545	-4.31373e-22	4.35148e-18	0	3201.97	4.02641	3189.7	4.01066	536728	73127.2	3.995	3175.78	3144.61	3.9639	3.97941	3160.64	181.047	0.259799	0.396143	317.344	6.51328	837.17	2.85585	2138	1882.09	2.58559	3.05389	2235.02	1971.52	2.67252	2205.47	3.16117	0.257677	1792.78	0.395789	317.195	2.95273	2202.13	2058.35	2.76256	316.49	0.39479	0.395455	316.998	316.245	0.394608	0.395122	316.761	0.582791	393.37	236.526	113469	-7.12384e-22	27.7997	203.45	-7.11757e-22	0	0	1.42881e-28	-7.16226e-25	1.42563e-28	-7.1602e-25	-7.14537e-25	1.41928e-28	-7.15427e-25	1.42245e-28	-7.13409e-25	1.41613e-28	-3.91085e-25	-2.56282e-28	-7.0768e-25	1.4219e-28	-2.85039e-28	-4.39762e-25	-2.58356e-28	-4.04482e-25	-3.04575e-28	-4.46838e-25	-6.49105e-28	-1.62999e-25	-2.66942e-28	-4.17515e-25	6.75163e-26	1.77373e-26	-8.65386e-24	1.74101e-27	-2.57478e-28	-3.91004e-25	-2.94597e-28	-4.46501e-25	-4.29572e-25	-2.75832e-28	-3.15156e-28	-4.34966e-25	-8.64096e-24	1.74692e-27	-8.65066e-24	1.74298e-27	-8.63473e-24	1.75089e-27	-9.61415e-24	4.19504e-27	1.74495e-27	-8.64629e-24	-3.70349e-22	2.96707e-24	-3.61659e-21	3.74578e-18	439.94	6.71415e-18	5.04639e-20	6.58665e-18	5.02795e-20	5.0096e-20	6.4563e-18	6.32416e-18	4.99133e-20	6.19151e-18	4.97315e-20	-1.8095e-17	-9.55663e-21	6.08188e-20	8.30914e-18	-7.39135e-17	-2.42787e-19	-1.0322e-19	-1.97384e-16	-9.63711e-21	-1.8111e-16	-2.04056e-16	-1.10221e-19	-9.99033e-20	-1.92361e-16	-1.13943e-19	-2.03663e-16	6.07815e-20	8.30097e-18	-1.86856e-16	-9.66991e-20	-2.0152e-16	-1.06655e-19	-1.97732e-16	-1.1789e-19	6.07472e-20	8.29154e-18	8.26586e-18	6.06744e-20	6.0679e-20	8.26964e-18	6.07131e-20	8.28104e-18	1.61685e-17	9.73708e-20	2.43897e-15	4.5859e-17	0	1.12861	0.233455	0	0	-7.07743e-20	-7.62122e-16	-6.48985e-17	0	0	-7.08589e-20	7.14867e-20	7.15707e-20	1246.21	41.5402	0	1	0	0	-3.67461e-21	
168192	656.134	91.2876	2.23641e-26	9.18803e-20	49820	336.151	0.441703	49820	2.20717e-21	2.2107e-21	333.314	0.438259	329.955	0.434848	0.233275	1.10681	-6.69773e-20	1.46263e-17	20.3731	18.7438	17.005	21.345	0.0304564	0.028479	0.0266487	0.0256928	-2.49063e-22	7.08143e-18	0.439976	334.818	-6.687e-20	1.45895e-17	0.434593	333.135	0.0315276	21.0852	0.436549	331.68	2.17895e-24	332.972	0.434207	1.02103e-24	1.10858	0.233648	0.0259367	17.1968	332.501	0.43348	331.947	0.432922	19.5918	0.0275476	8.0117	0.0649621	17.8729	0.0257808	0.0294463	21.0078	-2.03487e-22	2.48405e-18	1.02008e-24	413.415	0.640652	12.4077	0.218526	4.17136e-24	1.5882e-18	-3.34164e-23	332.757	0.433843	332.21	0.433118	199.581	27.7677	1.59065e-18	2.48933e-24	260.738	117238	-3.34571e-23	27.7677	199.581	-2.03485e-22	2.48405e-18	500	0.226564	0.0316113	27.7677	199.583	2.17668e-24	0.103209	0.741178	-2.37299e-22	2.88674e-18	0	3339.38	4.36165	3326.21	4.3446	526522	73043.9	4.32764	3311.32	3278.07	4.29396	4.31075	3295.16	173.195	0.259429	0.429142	330.946	6.49864	806.047	2.84903	2050.94	1800.11	2.57915	3.04681	2148.12	1887.52	2.66596	2121.65	3.15395	0.257034	1712.98	0.428761	330.784	2.94578	2114.5	1972.61	2.75587	330.031	0.427684	0.428401	330.573	329.771	0.42749	0.428042	330.319	0.632449	410.637	257.308	116725	1.19024e-21	27.7677	199.581	1.18913e-21	0	0	-3.00447e-27	-1.1157e-24	-2.99265e-27	-1.1077e-24	-1.09019e-24	-2.96918e-27	-1.09914e-24	-2.98089e-27	-1.08098e-24	-2.95754e-27	-8.83006e-26	-6.33823e-29	-1.10225e-24	-2.95714e-27	-6.80538e-29	-9.61877e-26	-6.14262e-29	-8.96638e-26	-7.29208e-29	-9.70678e-26	-1.55839e-28	-3.52333e-26	-6.3556e-29	-9.21052e-26	-1.99277e-24	-8.51944e-26	-1.34657e-23	-3.61378e-26	-6.12131e-29	-8.71295e-26	-7.04338e-29	-9.73059e-26	-9.43423e-26	-6.5764e-29	-7.55592e-29	-9.42306e-26	-1.34066e-23	-3.60496e-26	-1.34477e-23	-3.61083e-26	-1.33878e-23	-3.6035e-26	-1.66309e-23	-5.40164e-26	-3.60789e-26	-1.34278e-23	-2.03536e-22	-2.21933e-23	-2.18021e-21	2.48412e-18	439.94	-2.22591e-17	-8.37047e-20	-2.20434e-17	-8.3372e-20	-8.30409e-20	-2.18171e-17	-2.15835e-17	-8.27114e-20	-2.13456e-17	-8.23837e-20	-6.32343e-18	-2.88777e-21	-1.00765e-19	-2.67758e-17	-2.48009e-17	-7.18505e-20	-3.03922e-20	-6.75794e-17	-2.83163e-21	-6.29128e-17	-6.92499e-17	-3.25196e-20	-2.93856e-20	-6.61689e-17	-3.36521e-20	-6.88349e-17	-1.00675e-19	-2.67249e-17	-6.45868e-17	-2.84143e-20	-6.8685e-17	-3.14356e-20	-6.65765e-17	-3.48532e-20	-1.00591e-19	-2.66701e-17	-2.64966e-17	-1.0038e-19	-1.00423e-19	-2.65511e-17	-1.00507e-19	-2.66119e-17	-3.15846e-17	-1.49797e-19	1.20761e-15	-6.05685e-17	0	1.1089	0.233293	0	0	-3.89608e-20	-2.28364e-16	-1.9833e-17	0	0	-3.90084e-20	3.77706e-20	3.78192e-20	1236.2	41.2068	0	1	0	0	-2.29596e-21	
175200	643.65	91.1735	1.74819e-26	4.48765e-20	49820	350.157	0.477988	49820	1.02478e-21	1.02642e-21	347.12	0.474261	343.542	0.470571	0.233099	1.0875	-6.34677e-20	2.44932e-19	19.5414	17.9424	16.2448	20.5137	0.0303789	0.0284044	0.0265769	0.0256225	-2.35134e-22	-7.66072e-19	0.47612	348.728	-6.33661e-20	2.46043e-19	0.470312	346.991	0.0314486	20.2829	0.472411	345.379	1.00258e-24	346.813	0.469896	4.74011e-25	1.08924	0.233472	0.025896	16.4503	346.309	0.469113	345.72	0.468513	18.7732	0.0274744	7.71363	0.064802	17.0914	0.0257103	0.0293703	20.1701	-1.92505e-22	-2.63629e-19	4.73579e-25	430.99	0.694401	13.0674	0.241462	1.92413e-24	-1.65982e-19	-3.15929e-23	346.583	0.469504	345.999	0.468722	195.784	27.733	-1.79033e-19	1.1215e-24	283.168	120389	-3.16311e-23	27.733	195.784	-1.92501e-22	-2.63629e-19	500	0.222255	0.031572	27.733	195.785	1.00025e-24	0.10308	0.727078	-2.24381e-22	-3.0422e-19	0	3479.08	4.72059	3464.95	4.70214	516504	72953.8	4.68378	3449.04	3413.61	4.64733	4.66551	3431.8	165.677	0.259027	0.464475	344.766	6.48283	776.062	2.84167	1967.24	1721.44	2.57218	3.03916	2064.47	1806.86	2.65886	2040.94	3.14616	0.25634	1636.45	0.464064	344.591	2.93828	2030.21	1890.22	2.74864	343.786	0.462904	0.463676	344.364	343.509	0.462697	0.46329	344.093	0.685618	428.169	279.506	119891	5.52565e-22	27.733	195.784	5.52063e-22	0	0	7.28681e-30	-3.49636e-25	7.32956e-30	-3.49326e-25	-3.48187e-25	7.41384e-30	-3.48828e-25	7.37189e-30	-3.47432e-25	7.45568e-30	-1.45218e-25	-9.96585e-29	-3.46151e-25	7.8305e-30	-1.10805e-28	-1.63594e-25	-1.0043e-28	-1.50229e-25	-1.18401e-28	-1.66409e-25	-2.52338e-28	-6.0768e-26	-1.03769e-28	-1.55151e-25	-1.55969e-25	6.2081e-27	-4.23288e-24	9.69396e-29	-1.00089e-28	-1.45149e-25	-1.14522e-28	-1.66193e-25	-1.59717e-25	-1.07225e-28	-1.22515e-28	-1.62076e-25	-4.22651e-24	1.00437e-28	-4.23129e-24	9.81069e-29	-4.22359e-24	1.02171e-28	-4.84886e-24	7.58351e-28	9.92725e-29	-4.22913e-24	-1.92546e-22	7.44477e-25	-1.71957e-21	-2.63523e-19	439.94	-2.22572e-18	8.05228e-22	-2.22608e-18	8.07169e-22	8.09087e-22	-2.22526e-18	-2.22355e-18	8.10982e-22	-2.22111e-18	8.12849e-22	-7.12423e-18	-3.67457e-21	9.92674e-22	-2.60989e-18	-2.88913e-17	-9.30689e-20	-3.9539e-20	-7.74298e-17	-3.69043e-21	-7.1232e-17	-7.99211e-17	-4.22331e-20	-3.82628e-20	-7.55231e-17	-4.36657e-20	-7.97096e-17	9.97212e-22	-2.60286e-18	-7.34258e-17	-3.70302e-20	-7.89885e-17	-4.08608e-20	-7.73364e-17	-4.51848e-20	1.00179e-21	-2.59544e-18	-2.5705e-18	1.01757e-21	1.01094e-21	-2.57975e-18	1.00637e-21	-2.58772e-18	-1.01261e-18	3.75595e-21	1.02963e-15	3.61242e-18	0	1.08956	0.233119	0	0	-3.68346e-20	-2.92314e-16	-2.49955e-17	0	0	-3.68792e-20	3.6282e-20	3.63271e-20	1226.28	40.876	0	1	0	0	-1.74853e-21	
182208	631.399	91.0503	-2.13664e-26	-2.84702e-20	49820	364.399	0.516847	49820	2.81005e-21	2.81456e-21	361.152	0.512816	357.344	0.508825	0.232909	1.06856	1.10008e-19	-2.4309e-17	18.7419	17.1731	15.516	19.7136	0.0302954	0.028324	0.0264993	0.0255466	4.03823e-22	-1.41698e-17	0.514826	362.869	1.09832e-19	-2.42432e-17	0.508564	361.071	0.0313635	19.5104	0.510815	359.298	2.84168e-24	360.879	0.508115	1.4288e-24	1.07027	0.233281	0.0258519	15.7358	360.339	0.507272	359.713	0.506628	17.9868	0.0273954	7.42649	0.0646292	16.3416	0.0256342	0.0292883	19.3643	3.32348e-22	-4.95713e-18	1.42749e-24	448.838	0.751964	13.73	0.26622	5.39664e-24	-3.16522e-18	5.44496e-23	360.632	0.507693	360.009	0.506851	192.057	27.6955	-3.20305e-18	3.36872e-24	307.124	123455	5.45141e-23	27.6955	192.057	3.32341e-22	-4.95713e-18	500	0.218027	0.0315294	27.6955	192.059	2.84542e-24	0.102941	0.713241	3.86981e-22	-5.7544e-18	0	3621.12	5.10496	3605.98	5.08501	506674	72856.4	5.06515	3588.99	3551.28	5.02573	5.04539	3570.63	158.481	0.258592	0.502312	358.81	6.46575	747.176	2.83371	1886.79	1645.96	2.56467	3.03091	1983.97	1729.42	2.6512	1963.21	3.13774	0.255591	1563.07	0.501869	358.62	2.93017	1949.13	1811.07	2.74084	357.76	0.50062	0.501452	358.376	357.466	0.500399	0.501035	358.087	0.742556	445.973	303.213	122970	1.66593e-21	27.6955	192.058	1.66441e-21	0	0	-5.40537e-27	-5.29338e-25	-5.38439e-27	-5.16338e-25	-4.89848e-25	-5.34274e-27	-5.03145e-25	-5.36351e-27	-4.76564e-25	-5.32208e-27	5.10785e-25	3.32677e-28	-5.20296e-25	-5.32304e-27	3.74219e-28	5.79889e-25	3.39631e-28	5.31104e-25	3.99518e-28	5.90557e-25	8.50701e-28	2.15801e-25	3.50766e-28	5.49053e-25	-3.07753e-24	-1.78295e-25	-6.3396e-24	-6.50554e-26	3.38486e-28	5.12572e-25	3.86599e-28	5.89479e-25	5.65711e-25	3.6229e-28	4.13215e-28	5.75407e-25	-6.26238e-24	-6.49125e-26	-6.31453e-24	-6.50077e-26	-6.24165e-24	-6.48938e-26	-9.60728e-24	-9.99858e-26	-6.496e-26	-6.28874e-24	3.32396e-22	-4.30132e-23	3.03104e-21	-4.95692e-18	439.94	-3.16466e-17	-1.57306e-19	-3.12486e-17	-1.56702e-19	-1.56101e-19	-3.08361e-17	-3.04139e-17	-1.55503e-19	-2.99868e-17	-1.54908e-19	1.84434e-17	1.02002e-20	-1.89466e-19	-3.83581e-17	7.63562e-17	2.60725e-19	1.11008e-19	2.02576e-16	1.03704e-20	1.84983e-16	2.10028e-16	1.18468e-19	1.07472e-19	1.97117e-16	1.22433e-19	2.09902e-16	-1.8932e-19	-3.82943e-17	1.91169e-16	1.04056e-19	2.07127e-16	1.14669e-19	2.04041e-16	1.26637e-19	-1.89184e-19	-3.82247e-17	-3.80108e-17	-1.88861e-19	-1.88913e-19	-3.80721e-17	-1.89049e-19	-3.81504e-17	-5.39776e-17	-2.91285e-19	-2.12452e-15	-1.26562e-16	0	1.07057	0.23293	0	0	6.34828e-20	8.14364e-16	6.9039e-17	0	0	6.35581e-20	-6.51488e-20	-6.52225e-20	1216.44	40.5479	0	1	0	0	2.94545e-21	
189216	619.379	90.9172	-2.21074e-27	1.38731e-20	49820	378.882	0.558467	49820	-7.23218e-21	-7.24379e-21	375.414	0.55411	371.364	0.549795	0.232704	1.04997	-1.33463e-19	-6.01764e-17	17.9735	16.4346	14.8174	18.9437	0.0302053	0.0282372	0.0264158	0.0254649	-4.86776e-22	-3.29707e-17	0.556283	377.245	-1.3325e-19	-6.00175e-17	0.549535	375.38	0.0312716	18.7666	0.551947	373.441	-7.28557e-24	375.172	0.549052	-3.62373e-24	1.05165	0.233075	0.0258043	15.0522	374.595	0.548144	373.929	0.547452	17.2314	0.0273103	7.14989	0.0644428	15.6223	0.0255522	0.0291999	18.5894	-4.02088e-22	-1.15427e-17	-3.62042e-24	466.966	0.813619	14.3949	0.292921	-1.38502e-23	-7.36443e-18	-6.57986e-23	374.907	0.548597	374.244	0.54769	188.401	27.655	-7.43523e-18	-8.56292e-24	332.709	126438	-6.58753e-23	27.655	188.401	-4.02078e-22	-1.15427e-17	500	0.213878	0.0314835	27.655	188.403	-7.29115e-24	0.102791	0.699664	-4.67836e-22	-1.34049e-17	0	3765.56	5.51665	3749.36	5.49507	497029	72751.2	5.47361	3731.24	3691.14	5.43099	5.45225	3711.7	151.597	0.258121	0.542839	373.083	6.44733	719.35	2.82514	1809.45	1573.56	2.55657	3.02201	1906.5	1655.09	2.64295	1888.38	3.12867	0.254783	1492.74	0.542362	372.877	2.92144	1871.15	1735.04	2.73242	371.958	0.541016	0.541912	372.615	371.647	0.54078	0.541464	372.306	0.803542	464.056	328.531	125966	-4.22502e-21	27.655	188.401	-4.22117e-21	0	0	1.94314e-26	3.17688e-24	1.93558e-26	3.12932e-24	3.03053e-24	1.92057e-26	3.08038e-24	1.92806e-26	2.98031e-24	1.91312e-26	-1.32714e-24	-8.36118e-28	3.13106e-24	1.91338e-26	-9.45257e-28	-1.5095e-24	-8.58366e-28	-1.38219e-24	-1.00878e-27	-1.53722e-24	-2.14722e-27	-5.61633e-25	-8.86346e-28	-1.42906e-24	1.15269e-23	6.18309e-25	3.82075e-23	2.33841e-25	-8.5548e-28	-1.33376e-24	-9.76346e-28	-1.53447e-24	-1.47254e-24	-9.15294e-28	-1.04317e-27	-1.49768e-24	3.79111e-23	2.33317e-25	3.81131e-23	2.33666e-25	3.78274e-23	2.33244e-25	5.22616e-23	3.5719e-25	2.33491e-25	3.8014e-23	-4.02128e-22	1.51999e-22	-4.12394e-21	-1.15425e-17	439.94	6.42171e-17	3.1291e-19	6.34315e-17	3.117e-19	3.10496e-19	6.26167e-17	6.17819e-17	3.09297e-19	6.0937e-17	3.08105e-19	-2.7621e-17	-1.55918e-20	3.76859e-19	7.76762e-17	-1.15023e-16	-3.99663e-19	-1.70276e-19	-3.04303e-16	-1.59114e-20	-2.77299e-16	-3.15889e-16	-1.81671e-19	-1.64873e-19	-2.95906e-16	-1.87726e-19	-3.15879e-16	3.76562e-19	7.7541e-17	-2.86779e-16	-1.59652e-19	-3.11337e-16	-1.75868e-19	-3.0722e-16	-1.94146e-19	3.76284e-19	7.73942e-17	7.6941e-17	3.75618e-19	3.7573e-19	7.70733e-17	3.76007e-19	7.72377e-17	1.06217e-16	5.76493e-19	2.93205e-15	2.47462e-16	0	1.05195	0.232726	0	0	-7.67139e-20	-1.24423e-15	-1.05377e-16	0	0	-7.68035e-20	8.09389e-20	8.10247e-20	1206.67	40.2224	0	1	0	0	-3.71089e-21	
196224	607.586	90.7737	1.14261e-28	1.96007e-22	49820	393.611	0.603055	49820	-1.78133e-22	-1.78419e-22	389.911	0.598347	385.608	0.593685	0.232482	1.03173	-3.71906e-21	2.48691e-17	17.2351	15.726	14.148	18.203	0.0301083	0.0281437	0.0263258	0.0253768	-1.35855e-23	3.28254e-17	0.600695	391.861	-3.71311e-21	2.47657e-17	0.593429	389.922	0.0311727	18.0506	0.59601	387.812	-1.78256e-25	389.697	0.592909	-8.97437e-26	1.03338	0.232853	0.0257529	14.3985	389.081	0.59193	388.373	0.591187	16.506	0.0272186	6.88353	0.0642421	14.9327	0.025464	0.0291047	17.8444	-1.12132e-23	1.14355e-17	-8.96627e-26	485.378	0.879674	15.0615	0.321697	-3.39556e-25	7.44861e-18	-1.83511e-24	389.414	0.592419	388.707	0.591442	184.814	27.6114	7.54806e-18	-2.0701e-25	360.032	129340	-1.83725e-24	27.6114	184.814	-1.12133e-23	1.14355e-17	500	0.209808	0.031434	27.6114	184.816	-1.78253e-25	0.102629	0.686345	-1.30515e-23	1.32322e-17	0	3912.45	5.95767	3895.14	5.93436	487565	72637.8	5.91117	3875.83	3833.21	5.86512	5.88808	3855.05	145.013	0.257613	0.586255	387.587	6.4275	692.552	2.8159	1735.14	1504.12	2.54784	3.01242	1831.97	1583.76	2.63405	1816.35	3.11889	0.253912	1425.34	0.585741	387.365	2.91203	1796.17	1662.03	2.72336	386.385	0.584291	0.585257	387.085	386.054	0.584039	0.584773	386.755	0.868877	482.422	355.571	128881	-1.04636e-22	27.6114	184.814	-1.04542e-22	0	0	6.90084e-28	1.20114e-25	6.87396e-28	1.18417e-25	1.14885e-25	6.82059e-28	1.16668e-25	6.84721e-28	1.13086e-25	6.7941e-28	-4.41201e-26	-2.76109e-29	1.18409e-25	6.79496e-28	-3.12541e-29	-5.02126e-26	-2.83851e-29	-4.59705e-26	-3.33514e-29	-5.11373e-26	-7.09826e-29	-1.86836e-26	-2.9309e-29	-4.75325e-26	4.12393e-25	2.18307e-26	1.44511e-24	8.30428e-27	-2.82897e-29	-4.43565e-26	-3.22805e-29	-5.10447e-26	-4.8981e-26	-3.02648e-29	-3.44868e-29	-4.98224e-26	1.43449e-24	8.28554e-27	1.44174e-24	8.29803e-27	1.43146e-24	8.28291e-27	1.95716e-24	1.26719e-26	8.29178e-27	1.43819e-24	-1.12145e-23	5.38306e-24	-1.09678e-22	1.14327e-17	439.94	1.84531e-18	8.88785e-21	1.82298e-18	8.85343e-21	8.81919e-21	1.79981e-18	1.77606e-18	8.78511e-21	1.75201e-18	8.75121e-21	-7.28602e-19	-4.14077e-22	1.0704e-20	2.23151e-18	-3.04042e-18	-1.06228e-20	-4.52673e-21	-8.03563e-18	-4.23035e-22	-7.31709e-18	-8.3453e-18	-4.82929e-21	-4.38328e-21	-7.81202e-18	-4.99006e-21	-8.34673e-18	1.06955e-20	2.22762e-18	-7.56918e-18	-4.24464e-21	-8.22325e-18	-4.67522e-21	-8.11945e-18	-5.16051e-21	1.06876e-20	2.22339e-18	2.21031e-18	1.06685e-20	1.06718e-20	2.21414e-18	1.06797e-20	2.21888e-18	3.03086e-18	1.63566e-20	7.51486e-17	7.00603e-18	0	1.03367	0.232506	0	0	-2.13954e-21	-3.30529e-17	-2.79724e-18	0	0	-2.14204e-21	2.24417e-21	2.24658e-21	1196.99	39.8996	0	1	0	0	-9.44052e-23	
203232	596.02	90.619	1.06552e-29	2.34646e-24	49820	408.59	0.650832	49820	2.39178e-23	2.39562e-23	404.646	0.645747	400.078	0.640712	0.232243	1.01385	1.04486e-21	-2.8404e-16	16.5258	15.0462	13.5068	17.4906	0.0300039	0.0280432	0.026229	0.0252821	3.83882e-24	-2.30938e-16	0.648283	406.722	1.04319e-21	-2.83156e-16	0.640464	404.7	0.0310663	17.3617	0.643223	402.416	2.39298e-26	404.458	0.639903	1.20205e-26	1.01547	0.232614	0.0256975	13.7737	403.799	0.638849	403.048	0.638051	15.8097	0.0271199	6.62707	0.0640262	14.2715	0.025369	0.0290023	17.1282	3.15804e-24	-7.53916e-17	1.20097e-26	504.079	0.950454	15.7294	0.352687	4.55853e-26	-2.4502e-17	5.17388e-25	404.154	0.639376	403.402	0.638324	181.296	27.5643	-5.35007e-17	2.77758e-26	389.211	132166	5.18002e-25	27.5643	181.296	3.15806e-24	-7.53916e-17	500	0.205816	0.0313806	27.5643	181.297	2.39286e-26	0.102454	0.673282	3.678e-24	-8.74328e-17	0	4061.84	6.43022	4043.35	6.40504	478284	72515.5	6.37999	4022.8	3977.55	6.33025	6.35505	4000.71	138.719	0.257066	0.632775	402.328	6.40615	666.749	2.80597	1663.75	1437.56	2.53845	3.0021	1760.29	1515.32	2.62448	1747.02	3.10837	0.252976	1360.77	0.632222	402.088	2.9019	1724.1	1591.94	2.7136	401.043	0.63066	0.6317	401.787	400.692	0.63039	0.63118	401.436	0.938884	501.077	384.447	131719	1.40152e-23	27.5643	181.296	1.40026e-23	0	0	-2.34145e-28	-4.1115e-26	-2.33229e-28	-4.05445e-26	-3.93552e-26	-2.31412e-28	-3.99559e-26	-2.32319e-28	-3.87491e-26	-2.30511e-28	1.32969e-26	8.40639e-30	-4.04976e-26	-2.30549e-28	9.5354e-30	1.51626e-26	8.66209e-30	1.3868e-26	1.01737e-29	1.54507e-26	2.16495e-29	5.64786e-27	8.94334e-30	1.43441e-26	-1.33069e-25	-7.37844e-27	-4.94251e-25	-2.81758e-27	8.63303e-30	1.33763e-26	9.84777e-30	1.54184e-26	1.47861e-26	9.23429e-30	1.05192e-29	1.50573e-26	-4.90622e-25	-2.81116e-27	-4.93099e-25	-2.81543e-27	-4.89582e-25	-2.81024e-27	-6.63667e-25	-4.2936e-27	-2.81329e-27	-4.91885e-25	3.15854e-24	-1.81575e-24	3.31216e-23	-7.5384e-17	439.94	-6.16964e-19	-2.98629e-21	-6.09598e-19	-2.97462e-21	-2.96301e-21	-6.0195e-19	-5.94111e-19	-2.95145e-21	-5.86173e-19	-2.93995e-21	1.5936e-19	9.46267e-23	-3.59633e-21	-7.44241e-19	6.73285e-19	2.44254e-21	1.0423e-21	1.76904e-18	9.74614e-23	1.60388e-18	1.84198e-18	1.11135e-21	1.00955e-21	1.71742e-18	1.14802e-21	1.84448e-18	-3.5934e-21	-7.42872e-19	1.66163e-18	9.77891e-22	1.81275e-18	1.07619e-21	1.79623e-18	1.1869e-21	-3.59066e-21	-7.41392e-19	-7.36802e-19	-3.584e-21	-3.58518e-21	-7.38169e-19	-3.58792e-21	-7.39818e-19	-9.84293e-19	-5.46811e-21	-1.32194e-17	-2.30924e-18	0	1.01575	0.232269	0	0	6.03223e-22	7.53229e-18	6.37265e-19	0	0	6.03939e-22	-6.17239e-22	-6.17942e-22	1187.38	39.5793	0	1	0	0	2.79188e-23	
210240	584.679	90.4525	3.02337e-31	-2.1435e-26	49820	423.821	0.702038	49820	3.02423e-24	3.02908e-24	419.621	0.696547	414.775	0.691109	0.231986	0.996309	-1.36897e-22	5.73678e-17	15.8447	14.3943	12.8927	16.8057	0.0298917	0.0279351	0.0261249	0.0251803	-5.082e-25	-1.53932e-16	0.699285	421.828	-1.36678e-22	5.75953e-17	0.690875	419.717	0.0309519	16.6988	0.693821	417.254	3.03228e-27	419.455	0.690271	1.5205e-27	0.997901	0.232356	0.0256381	13.1769	418.752	0.689136	417.955	0.688278	15.1415	0.0270138	6.38021	0.063794	13.6379	0.0252669	0.0288922	16.44	-4.1561e-25	-5.55181e-17	1.51913e-27	523.072	1.02632	16.3979	0.38604	5.77256e-27	-4.72379e-17	-6.82202e-26	419.13	0.689703	418.33	0.68857	177.846	27.5137	-3.68174e-17	3.53425e-27	420.37	134916	-6.83031e-26	27.5137	177.846	-4.15609e-25	-5.55181e-17	500	0.201902	0.0313231	27.5137	177.848	3.03291e-27	0.102266	0.660472	-4.84582e-25	-6.37988e-17	0	4213.75	6.93667	4194.03	6.90948	469182	72383.8	6.88242	4172.16	4124.16	6.82871	6.85549	4148.72	132.707	0.256478	0.682634	417.306	6.3832	641.911	2.79528	1595.19	1373.76	2.52836	2.99101	1691.36	1449.69	2.61419	1680.33	3.09706	0.251969	1298.93	0.682037	417.047	2.89102	1654.84	1524.67	2.70312	415.933	0.680356	0.681476	416.726	415.562	0.680067	0.680915	416.351	1.01391	520.023	415.283	134481	1.77281e-24	27.5137	177.846	1.77121e-24	0	0	6.40903e-30	7.50858e-28	6.38405e-30	7.35554e-28	7.04137e-28	6.33445e-30	7.19939e-28	6.35919e-30	6.88304e-28	6.30984e-30	-4.64546e-28	-3.11681e-31	7.37403e-28	6.31123e-30	-3.51698e-31	-5.29817e-28	-3.19307e-31	-4.83991e-28	-3.75383e-31	-5.40393e-28	-7.99114e-31	-1.97732e-28	-3.29737e-31	-5.00797e-28	3.36475e-27	2.08415e-28	8.98973e-27	7.71317e-29	-3.18232e-31	-4.6667e-28	-3.63289e-31	-5.39005e-28	-5.16437e-28	-3.40528e-31	-3.88205e-31	-5.26896e-28	8.89429e-27	7.69596e-29	8.95893e-27	7.70743e-29	8.86788e-27	7.69361e-29	1.27913e-26	1.1804e-28	7.70169e-29	8.92704e-27	-4.15705e-25	5.02601e-26	-3.0573e-24	-5.54815e-17	439.94	4.09972e-20	1.98799e-22	4.05048e-20	1.98024e-22	1.97253e-22	3.99937e-20	3.94699e-20	1.96486e-22	3.89396e-20	1.95722e-22	-1.22276e-20	-7.14049e-24	2.39414e-22	4.94856e-20	-5.14119e-20	-1.83898e-22	-7.84345e-23	-1.35393e-19	-7.33256e-24	-1.22961e-19	-1.40833e-19	-8.36474e-23	-7.59623e-23	-1.31514e-19	-8.64167e-23	-1.40959e-19	2.39221e-22	4.93957e-20	-1.27314e-19	-7.35726e-23	-1.38666e-19	-8.0993e-23	-1.37212e-19	-8.93526e-23	2.3904e-22	4.92984e-20	4.8997e-20	2.38601e-22	2.38678e-22	4.90863e-20	2.38859e-22	4.91949e-20	6.59647e-20	3.64539e-22	1.10941e-18	1.54537e-19	0	0.998172	0.232014	0	0	-7.95391e-23	-5.6884e-19	-4.81433e-20	0	0	-7.96358e-23	7.77663e-23	7.78646e-23	1177.85	39.2616	-4.47265e-31	1	0	0	-2.94594e-24	
217248	573.562	90.2733	4.84412e-30	-2.56229e-25	49820	439.307	0.756931	49820	1.34324e-23	1.3454e-23	434.837	0.751003	429.702	0.745133	0.231709	0.979118	3.5561e-22	-2.48225e-17	15.1908	13.7693	12.305	16.1473	0.0297712	0.0278191	0.0260131	0.0250709	1.30207e-24	-9.75865e-18	0.753959	437.183	3.55041e-22	-2.47585e-17	0.744917	434.971	0.030829	16.0614	0.74806	432.327	1.34341e-26	434.69	0.744267	6.75235e-27	0.980682	0.232079	0.0255743	12.6072	433.939	0.743044	433.094	0.742121	14.5004	0.0268999	6.14268	0.0635446	13.0311	0.0251572	0.0287739	15.7789	1.07326e-24	-5.65258e-18	6.74626e-27	542.357	1.10764	17.0665	0.421916	2.55944e-26	-1.38407e-17	1.75721e-25	434.342	0.743655	433.492	0.742434	174.465	27.4592	-1.78098e-18	1.55825e-26	453.644	137594	1.75927e-25	27.4592	174.465	1.07327e-24	-5.65258e-18	500	0.198065	0.0312613	27.4592	174.466	1.34329e-26	0.102064	0.647917	1.24953e-24	-6.5562e-18	0	4368.21	7.47956	4347.18	7.45021	460260	72242.1	7.421	4323.94	4273.06	7.36301	7.39193	4299.07	126.967	0.255848	0.736082	432.522	6.35854	618.011	2.7838	1529.38	1312.65	2.51752	2.97909	1625.1	1386.77	2.60314	1616.18	3.08491	0.250888	1239.74	0.735439	432.244	2.87932	1588.31	1460.14	2.69186	431.058	0.733628	0.734834	431.9	430.664	0.733318	0.734231	431.501	1.09435	539.262	448.212	137171	7.87282e-24	27.4592	174.465	7.86573e-24	0	0	-9.36522e-29	-1.66859e-26	-9.32863e-29	-1.64571e-26	-1.59798e-26	-9.25598e-29	-1.62209e-26	-9.29222e-29	-1.57365e-26	-9.21994e-29	5.36327e-27	3.3722e-30	-1.64393e-26	-9.22138e-29	3.82485e-30	6.1136e-27	3.47452e-30	5.59298e-27	4.0809e-30	6.22879e-27	8.68417e-30	2.27654e-27	3.58735e-30	5.78452e-27	-5.39183e-26	-2.94876e-27	-2.0064e-25	-1.12696e-27	3.46286e-30	5.39514e-27	3.95016e-30	6.21626e-27	5.96226e-27	3.70406e-30	4.2195e-30	6.06974e-27	-1.99188e-25	-1.12439e-27	-2.00179e-25	-1.1261e-27	-1.98771e-25	-1.12403e-27	-2.69298e-25	-1.71739e-27	-1.12525e-27	-1.99694e-25	1.07341e-24	-7.26632e-25	1.20672e-23	-5.65204e-18	439.94	-2.17212e-19	-1.04813e-21	-2.14614e-19	-1.04404e-21	-1.03997e-21	-2.11917e-19	-2.09152e-19	-1.03592e-21	-2.06353e-19	-1.0319e-21	6.25268e-20	3.6653e-23	-1.26225e-21	-2.62178e-19	2.63214e-19	9.44395e-22	4.02837e-22	6.92772e-19	3.76614e-23	6.2889e-19	7.2079e-19	4.29592e-22	3.90148e-22	6.72832e-19	4.43805e-22	7.2152e-19	-1.26123e-21	-2.61702e-19	6.51249e-19	3.77882e-22	7.09615e-19	4.15969e-22	7.02419e-19	4.58873e-22	-1.26027e-21	-2.61187e-19	-2.59589e-19	-1.25795e-21	-1.25836e-21	-2.60064e-19	-1.25932e-21	-2.60639e-19	-3.4877e-19	-1.92133e-21	-5.56336e-18	-8.14083e-19	0	0.980943	0.231739	0	0	2.04872e-22	2.9204e-18	2.47062e-19	0	0	2.05113e-22	-2.12745e-22	-2.12979e-22	1168.39	38.9465	-1.48152e-22	1	0	0	9.96551e-24	
224256	562.67	90.0805	1.34066e-31	-3.53438e-25	49820	455.048	0.815791	49820	-2.29702e-24	-2.3007e-24	450.296	0.809393	444.857	0.803057	0.231411	0.962274	-1.52178e-23	-2.47661e-17	14.5634	13.1706	11.7428	15.5148	0.0296419	0.0276945	0.0258932	0.0249536	-5.4225e-26	-1.15081e-16	0.812584	452.787	-1.51934e-23	-2.45479e-17	0.802868	450.464	0.0306971	15.4485	0.806217	447.635	-2.31051e-27	450.161	0.802167	-1.15425e-27	0.963811	0.231781	0.0255061	12.0638	449.362	0.80085	448.466	0.799858	13.8858	0.0267777	5.9142	0.063277	12.45	0.0250396	0.028647	15.1442	-4.53922e-26	-2.29693e-17	-1.1532e-27	561.935	1.19485	17.7348	0.460483	-4.39423e-27	6.31603e-17	-7.39839e-27	449.79	0.801508	448.887	0.800193	171.152	27.4005	-2.95703e-17	-2.70944e-27	489.174	140202	-7.40654e-27	27.4005	171.152	-4.53903e-26	-2.29693e-17	500	0.194305	0.0311947	27.4006	171.153	-2.31186e-27	0.101846	0.635614	-5.26713e-26	-2.66151e-17	0	4525.21	8.06167	4502.82	8.02999	451518	72089.7	7.99846	4478.14	4424.24	7.93587	7.96708	4451.78	121.491	0.255173	0.793393	447.978	6.33208	595.02	2.77149	1466.22	1254.14	2.50588	2.9663	1561.44	1326.48	2.59128	1554.51	3.07187	0.249728	1183.12	0.7927	447.678	2.86677	1524.42	1398.25	2.67977	446.416	0.790749	0.792049	447.31	445.999	0.790418	0.791398	446.886	1.18059	558.793	483.373	139789	-1.34578e-24	27.4005	171.152	-1.34456e-24	0	0	1.1023e-29	2.02399e-27	1.098e-29	1.99685e-27	1.94018e-27	1.08946e-29	1.96882e-27	1.09372e-29	1.91126e-27	1.08523e-29	-6.43228e-28	-4.00917e-31	1.9952e-27	1.08536e-29	-4.54628e-31	-7.32843e-28	-4.12978e-31	-6.70664e-28	-4.8507e-31	-7.46484e-28	-1.03224e-30	-2.72773e-28	-4.26391e-31	-6.93554e-28	6.53587e-27	3.46769e-28	2.43526e-26	1.32644e-28	-4.11591e-31	-6.47015e-28	-4.69526e-31	-7.45065e-28	-7.14783e-28	-4.40267e-31	-5.01548e-31	-7.27345e-28	2.41806e-26	1.32342e-28	2.42981e-26	1.32543e-28	2.41312e-26	1.323e-28	3.26592e-26	2.02161e-28	1.32443e-28	2.42406e-26	-4.53892e-26	8.56805e-26	-1.20032e-24	-2.29659e-17	439.94	2.0009e-20	9.715e-23	1.97699e-20	9.67701e-23	9.6392e-23	1.95216e-20	1.92671e-20	9.60158e-23	1.90094e-20	9.56416e-23	-5.12327e-21	-3.04566e-24	1.16996e-22	2.41342e-20	-2.16514e-20	-7.86326e-23	-3.35563e-23	-5.68814e-20	-3.13777e-24	-5.15661e-20	-5.92299e-20	-3.57786e-23	-3.25023e-23	-5.52201e-20	-3.6959e-23	-5.93119e-20	1.169e-22	2.40897e-20	-5.34245e-20	-3.14832e-23	-5.82886e-20	-3.46471e-23	-5.77616e-20	-3.82103e-23	1.16811e-22	2.40416e-20	2.38924e-20	1.16594e-22	1.16633e-22	2.39368e-20	1.16722e-22	2.39904e-20	3.19045e-20	1.77869e-22	4.22138e-19	7.50683e-20	0	0.964062	0.231444	0	0	-8.62545e-24	-2.42369e-19	-2.05094e-20	0	0	-8.63495e-24	9.97123e-24	9.97951e-24	1159.02	38.6338	-1.96091e-21	1	0	0	-9.47731e-25	
231264	552.002	89.8734	-1.39542e-31	-5.64175e-27	49820	471.043	0.878925	49820	1.50932e-24	1.51174e-24	465.994	0.872019	460.238	0.865181	0.231091	0.945776	-2.78808e-23	2.24617e-16	13.9617	12.5972	11.2051	14.9073	0.0295032	0.0275609	0.0257646	0.0248278	-1.04283e-25	2.75102e-16	0.875463	468.637	-2.78362e-23	2.2375e-16	0.865027	466.194	0.0305557	14.8597	0.868591	463.177	1.51895e-27	465.868	0.864272	7.58669e-28	0.947287	0.231461	0.0254332	11.5458	465.017	0.862853	464.068	0.861785	13.2967	0.0266466	5.69455	0.0629899	11.894	0.0249134	0.0285109	14.5351	-8.49255e-26	8.64242e-17	7.57979e-28	581.803	1.2884	18.4024	0.501924	2.88834e-27	1.29218e-17	-1.39572e-26	465.472	0.863562	464.513	0.862145	167.907	27.3375	6.48413e-17	1.78283e-27	527.111	142740	-1.39744e-26	27.3375	167.907	-8.4927e-26	8.64242e-17	500	0.190624	0.0311232	27.3375	167.908	1.51992e-27	0.101612	0.623566	-9.91127e-26	9.99885e-17	0	4684.75	8.68601	4660.93	8.65181	442955	71925.8	8.61779	4634.74	4577.7	8.55023	8.58392	4606.83	116.272	0.254451	0.854862	463.669	6.30368	572.915	2.75828	1405.64	1198.15	2.49341	2.95258	1500.3	1268.74	2.57856	1495.24	3.05788	0.248484	1128.97	0.854116	463.347	2.85331	1463.1	1338.94	2.6668	462.005	0.852014	0.853415	462.955	461.564	0.851659	0.852714	462.504	1.2731	578.614	520.917	142339	8.84561e-25	27.3375	167.907	8.83758e-25	0	0	-2.69203e-30	-5.78806e-28	-2.68156e-30	-5.72035e-28	-5.57788e-28	-2.66076e-30	-5.65002e-28	-2.67113e-30	-5.50481e-28	-2.65044e-30	1.48551e-28	8.7972e-32	-5.71373e-28	-2.65053e-30	9.9972e-32	1.6901e-28	9.08346e-32	1.54894e-28	1.06649e-31	1.71983e-28	2.26918e-31	6.27821e-29	9.37775e-32	1.60105e-28	-1.72961e-27	-8.35696e-29	-6.97602e-27	-3.23926e-29	9.05301e-32	1.495e-28	1.0324e-31	1.71743e-28	1.64927e-28	9.68217e-32	1.10264e-31	1.67489e-28	-6.93296e-27	-3.23189e-29	-6.96249e-27	-3.2368e-29	-6.92044e-27	-3.23083e-29	-9.23928e-27	-4.93077e-29	-3.23434e-29	-6.94808e-27	-8.49498e-26	-2.09161e-26	-1.38738e-25	8.64029e-17	439.94	3.1144e-21	1.51648e-23	3.07652e-21	1.5106e-23	1.50475e-23	3.03722e-21	2.99695e-21	1.49892e-23	2.9562e-21	1.49313e-23	-1.20239e-21	-6.84783e-25	1.82637e-23	3.76443e-21	-5.01963e-21	-1.75753e-23	-7.49007e-24	-1.32641e-20	-6.99994e-25	-1.20765e-20	-1.37764e-20	-7.99041e-24	-7.25285e-24	-1.28945e-20	-8.25626e-24	-1.37792e-20	1.82492e-23	3.75778e-21	-1.24931e-20	-7.02357e-24	-1.35744e-20	-7.73563e-24	-1.34045e-20	-8.53812e-24	1.82356e-23	3.75057e-21	3.72829e-21	1.82029e-23	1.82085e-23	3.73483e-21	1.8222e-23	3.74289e-21	5.10442e-21	2.7895e-23	1.22845e-19	1.19221e-20	0	0.947527	0.231127	0	0	-1.6273e-23	-5.4621e-20	-4.62518e-21	0	0	-1.62932e-23	1.53885e-23	1.54094e-23	1149.71	38.3237	-1.08503e-21	1	0	0	-2.07547e-25	
238272	541.56	89.6509	7.73657e-31	-5.57122e-27	49820	487.288	0.94666	49820	1.87142e-24	1.87443e-24	481.93	0.939208	475.844	0.931829	0.230748	0.929627	6.13981e-23	9.71011e-17	13.385	12.0483	10.6914	14.3242	0.0293545	0.0274178	0.0256268	0.024693	2.2519e-25	-1.23463e-17	0.942925	484.732	6.12998e-23	9.69613e-17	0.931719	482.156	0.0304041	14.2941	0.935509	478.949	1.87023e-27	481.807	0.930906	9.40685e-28	0.931113	0.231116	0.0253554	11.0526	480.901	0.929376	479.897	0.928227	12.7325	0.0265062	5.48346	0.0626823	11.3622	0.0247783	0.028365	13.9507	1.85439e-25	2.20494e-18	9.39838e-28	601.957	1.38876	19.0688	0.54643	3.56396e-27	2.98155e-17	3.03704e-26	481.384	0.93014	480.368	0.928613	164.73	27.2698	-4.96994e-18	2.16625e-27	567.618	145212	3.04062e-26	27.2698	164.73	1.85441e-25	2.20494e-18	500	0.187019	0.0310464	27.2699	164.732	1.86989e-27	0.101361	0.611772	2.15936e-25	2.85068e-18	0	4846.81	9.35583	4821.49	9.31892	434572	71749.8	9.2822	4793.73	4733.4	9.2093	9.24566	4764.18	111.3	0.253681	0.920812	479.595	6.27326	551.671	2.74412	1347.57	1144.59	2.48004	2.93788	1441.6	1213.47	2.56493	1438.32	3.04289	0.24715	1077.22	0.920008	479.249	2.83888	1404.27	1282.13	2.65291	477.824	0.917743	0.919252	478.831	477.357	0.917361	0.918497	478.352	1.37235	598.723	561.004	144821	1.09678e-24	27.2698	164.73	1.09579e-24	0	0	-1.57788e-29	-2.79382e-27	-1.57171e-29	-2.75521e-27	-2.67472e-27	-1.55948e-29	-2.71537e-27	-1.56558e-29	-2.6337e-27	-1.55341e-29	9.16914e-28	5.77558e-31	-2.75272e-27	-1.55364e-29	6.54865e-31	1.04515e-27	5.94863e-31	9.56122e-28	6.9872e-31	1.06487e-27	1.48691e-30	3.89208e-28	6.14187e-31	9.88875e-28	-9.12149e-27	-4.9742e-28	-3.35961e-26	-1.89873e-28	5.92867e-31	9.22293e-28	6.76328e-31	1.06272e-27	1.01927e-27	6.34176e-31	7.2246e-31	1.0377e-27	-3.33513e-26	-1.89442e-28	-3.35184e-26	-1.89729e-28	-3.32812e-26	-1.8938e-28	-4.5153e-26	-2.89408e-28	-1.89585e-28	-3.34365e-26	1.85467e-25	-1.22542e-25	2.19567e-24	2.22028e-18	439.94	-3.61278e-20	-1.74497e-22	-3.56959e-20	-1.73816e-22	-1.73138e-22	-3.52475e-20	-3.47878e-20	-1.72464e-22	-3.43224e-20	-1.71793e-22	1.01185e-20	5.95013e-24	-2.10144e-22	-4.35999e-20	4.26328e-20	1.53378e-22	6.54309e-23	1.12162e-19	6.11741e-24	1.01788e-19	1.16719e-19	6.97738e-23	6.33712e-23	1.08923e-19	7.20808e-23	1.16847e-19	-2.09974e-22	-4.35205e-20	1.05418e-19	6.13801e-23	1.14899e-19	6.75625e-23	1.13763e-19	7.45265e-23	-2.09814e-22	-4.34345e-20	-4.3168e-20	-2.09427e-22	-2.09496e-22	-4.32472e-20	-2.09655e-22	-4.33431e-20	-5.79113e-20	-3.19776e-22	-8.8549e-19	-1.35371e-19	0	0.931341	0.230786	0	0	3.54088e-23	4.73975e-19	4.00985e-20	0	0	3.54506e-23	-3.65056e-23	-3.65464e-23	1140.48	38.0161	6.1769e-22	1	0	0	1.84293e-24	
245280	531.344	89.412	-1.15653e-31	-9.2399e-27	49820	503.781	1.01936	49820	-2.49444e-25	-2.49844e-25	498.1	1.01131	491.668	1.00335	0.230379	0.913828	2.53813e-23	-1.70818e-17	12.8324	11.5233	10.2008	13.7648	0.0291953	0.0272645	0.0254793	0.0245487	9.39583e-26	2.12717e-17	1.01533	501.067	2.53406e-23	-1.70859e-17	1.0033	498.347	0.0302418	13.7512	1.00732	494.948	-2.48783e-28	497.972	1.00242	-1.25375e-28	0.915288	0.230747	0.0252726	10.5833	497.01	1.00077	495.948	0.999536	12.1923	0.0263558	5.28072	0.0623528	10.854	0.0246336	0.0282088	13.3905	7.69613e-26	1.63975e-18	-1.25262e-28	622.392	1.49648	19.7335	0.594208	-4.74385e-28	-2.47995e-17	1.26268e-26	497.523	1.0016	496.445	0.99995	161.623	27.1972	6.56243e-18	-2.87117e-28	610.866	147617	1.26421e-26	27.1972	161.623	7.69608e-26	1.63975e-18	500	0.183493	0.030964	27.1972	161.624	-2.48682e-28	0.101091	0.600233	8.9703e-26	1.70241e-18	0	5011.34	10.0747	4984.45	10.0348	426370	71560.9	9.99521	4955.05	4891.3	9.91654	9.95577	4923.81	106.57	0.252861	0.991591	495.749	6.24066	531.265	2.72896	1291.93	1093.39	2.46572	2.92213	1385.29	1160.59	2.55034	1383.67	3.02683	0.245723	1027.79	0.990724	495.379	2.82343	1347.87	1227.73	2.63804	493.866	0.988283	0.989909	494.934	493.373	0.987873	0.989095	494.425	1.47887	619.114	603.805	147237	-1.46179e-25	27.1972	161.623	-1.46048e-25	0	0	-2.01351e-30	-3.1559e-28	-2.00563e-30	-3.10738e-28	-3.00675e-28	-1.98999e-30	-3.0575e-28	-1.99779e-30	-2.95565e-28	-1.98223e-30	1.20136e-28	7.79122e-32	-3.10517e-28	-1.98265e-30	8.82516e-32	1.37066e-28	8.01566e-32	1.25277e-28	9.41687e-32	1.39738e-28	2.00411e-31	5.11048e-29	8.27635e-32	1.29607e-28	-1.09463e-27	-6.39884e-29	-3.78872e-27	-2.42302e-29	7.98874e-32	1.2081e-28	9.11474e-32	1.39412e-28	1.33631e-28	8.54603e-32	9.73718e-32	1.36214e-28	-3.75802e-27	-2.41751e-29	-3.77893e-27	-2.42118e-29	-3.7493e-27	-2.41673e-29	-5.14661e-27	-3.69582e-29	-2.41935e-29	-3.76866e-27	7.69773e-26	-1.56325e-26	4.85434e-25	1.62899e-18	439.94	-9.1556e-21	-4.42056e-23	-9.04593e-21	-4.40333e-23	-4.38619e-23	-8.93209e-21	-8.81541e-21	-4.36912e-23	-8.69726e-21	-4.35215e-23	2.71064e-21	1.58404e-24	-5.32367e-23	-1.10523e-20	1.14004e-20	4.07971e-23	1.74005e-23	3.00186e-20	1.62672e-24	2.72592e-20	3.12267e-20	1.85569e-23	1.68521e-23	2.91575e-20	1.91713e-23	3.12556e-20	-5.31937e-23	-1.10322e-20	2.82252e-20	1.6322e-23	3.07454e-20	1.79681e-23	3.04257e-20	1.98225e-23	-5.31534e-23	-1.10106e-20	-1.09434e-20	-5.30558e-23	-5.3073e-23	-1.09633e-20	-5.31131e-23	-1.09875e-20	-1.47263e-20	-8.10574e-23	-2.4508e-19	-3.4371e-20	0	0.915504	0.230419	0	0	1.47218e-23	1.26227e-19	1.06796e-20	0	0	1.47395e-23	-1.45756e-23	-1.45935e-23	1131.33	37.711	1.58908e-21	1	0	0	4.43878e-25	
252288	521.355	89.1557	2.36497e-31	-1.9688e-26	49820	520.516	1.0974	49820	-2.639e-25	-2.64324e-25	514.496	1.08872	507.705	1.08013	0.229983	0.89838	-1.71217e-23	-1.65153e-16	12.3034	11.0214	9.73256	13.2285	0.029025	0.0271005	0.0253215	0.0243943	-6.30143e-26	-1.09031e-16	1.09305	517.636	-1.70943e-23	-1.64692e-16	1.08015	514.759	0.030068	13.2303	1.08442	511.166	-2.64571e-28	514.358	1.0792	-1.32631e-28	0.899815	0.23035	0.0251846	10.1373	513.336	1.07742	512.214	1.07609	11.6755	0.0261949	5.0861	0.0620001	10.3685	0.0244788	0.0280417	12.8538	-5.17873e-26	-3.2687e-17	-1.32511e-28	643.1	1.61214	20.3962	0.645478	-5.03713e-28	3.84232e-18	-8.48737e-27	513.88	1.07831	512.74	1.07654	158.584	27.1192	-2.60644e-17	-3.08412e-28	657.038	149958	-8.49748e-27	27.1192	158.584	-5.17873e-26	-3.2687e-17	500	0.180046	0.0308755	27.1192	158.586	-2.64632e-28	0.100801	0.588951	-6.03239e-26	-3.78383e-17	0	5178.31	10.8464	5149.77	10.8034	418350	71358.1	10.7606	5118.65	5051.33	10.6757	10.7181	5085.64	102.073	0.251989	1.06758	512.126	6.20578	511.674	2.71273	1238.66	1044.48	2.4504	2.90528	1331.29	1110.03	2.53472	1331.23	3.00964	0.244195	980.613	1.06664	511.73	2.8069	1293.82	1175.68	2.62212	510.126	1.06401	1.06576	511.256	509.605	1.06357	1.06489	510.718	1.59322	639.779	649.5	149588	-1.54639e-25	27.1192	158.584	-1.545e-25	0	0	3.2223e-30	5.68616e-28	3.20977e-30	5.60629e-28	5.43991e-28	3.18489e-30	5.52393e-28	3.1973e-30	5.35516e-28	3.17255e-30	-2.0124e-28	-1.26897e-31	5.60609e-28	3.17279e-30	-1.43674e-31	-2.2927e-28	-1.30491e-31	-2.09767e-28	-1.53311e-31	-2.33581e-28	-3.26286e-31	-8.53699e-29	-1.34737e-31	-2.16942e-28	1.93227e-27	1.0209e-28	6.84188e-27	3.87755e-29	-1.30053e-31	-2.02356e-28	-1.4839e-31	-2.33115e-28	-2.23601e-28	-1.39129e-31	-1.58528e-31	-2.27615e-28	6.79151e-27	3.86882e-29	6.82589e-27	3.87464e-29	6.77713e-27	3.86759e-29	9.24167e-27	5.91567e-29	3.87172e-29	6.80904e-27	-5.17961e-26	2.5169e-26	-5.41376e-25	-3.268e-17	439.94	8.70937e-21	4.21386e-23	8.60515e-21	4.19742e-23	4.18105e-23	8.49696e-21	8.38606e-21	4.16477e-23	8.27378e-21	4.14856e-23	-2.448e-21	-1.43898e-24	5.07472e-23	1.05104e-20	-1.03128e-20	-3.70924e-23	-1.58234e-23	-2.71336e-20	-1.47939e-24	-2.46253e-20	-2.82354e-20	-1.68737e-23	-1.53253e-23	-2.63505e-20	-1.74317e-23	-2.82659e-20	5.0706e-23	1.04913e-20	-2.5503e-20	-1.48437e-23	-2.77955e-20	-1.63389e-23	-2.75194e-20	-1.80232e-23	5.06675e-23	1.04705e-20	1.04063e-20	5.0574e-23	5.05906e-23	1.04254e-20	5.0629e-23	1.04485e-20	1.39632e-20	7.72232e-23	2.14641e-19	3.26862e-20	0	0.900018	0.230026	0	0	-9.89546e-24	-1.14617e-19	-9.6977e-21	0	0	-9.90725e-24	1.00501e-23	1.00618e-23	1122.25	37.4083	1.71418e-21	1	0	0	-4.69356e-25	
259296	511.594	88.8807	-4.95745e-31	2.76971e-27	49820	537.484	1.18123	49820	1.61267e-25	1.61526e-25	531.111	1.17186	523.947	1.16258	0.229558	0.883285	-3.29825e-24	2.90636e-16	11.7971	10.542	9.28599	12.7146	0.0288428	0.0269252	0.0251527	0.0242292	-1.23247e-26	2.18062e-16	1.17653	534.431	-3.29297e-24	2.89775e-16	1.16269	531.385	0.0298822	12.7309	1.16721	527.596	1.63477e-28	530.956	1.16167	8.10573e-29	0.884696	0.229925	0.0250912	9.71384	529.873	1.15975	528.688	1.15831	11.1814	0.0260228	4.89939	0.061623	9.90509	0.0243132	0.0278629	12.3398	-1.00434e-26	6.72311e-17	8.09827e-29	664.07	1.73635	21.0565	0.700474	3.10209e-28	2.28448e-18	-1.64991e-27	530.448	1.16071	529.242	1.15879	155.615	27.0356	5.14436e-17	1.94662e-28	706.331	152237	-1.65195e-27	27.0356	155.615	-1.0044e-26	6.72311e-17	500	0.176677	0.0307806	27.0356	155.617	1.63733e-28	0.100491	0.577927	-1.17223e-26	7.79116e-17	0	5347.62	11.6751	5317.37	11.6287	410512	71140.5	11.5826	5284.46	5213.43	11.4909	11.5366	5249.61	97.8026	0.251064	1.14918	528.719	6.16846	492.878	2.69538	1187.68	997.791	2.43403	2.88725	1279.55	1061.73	2.51802	1280.95	2.99126	0.242562	935.614	1.14818	528.295	2.78921	1242.07	1125.91	2.60509	526.596	1.14534	1.14723	527.791	526.047	1.14486	1.14628	527.221	1.71603	660.708	698.284	151876	9.45078e-26	27.0356	155.616	9.4421e-26	0	0	-5.93318e-32	-3.36511e-29	-5.91831e-32	-3.33193e-29	-3.26096e-29	-5.88867e-32	-3.29706e-29	-5.90347e-32	-3.22409e-29	-5.87388e-32	2.00935e-29	1.14678e-32	-3.38924e-29	-5.83621e-32	1.278e-32	2.26751e-29	1.15894e-32	2.0848e-29	1.36514e-32	2.30311e-29	2.90842e-32	8.39446e-30	1.19726e-32	2.15253e-29	-1.69732e-28	-2.24766e-30	-4.14051e-28	-7.13623e-31	1.15502e-32	2.01454e-29	1.32063e-32	2.30196e-29	2.21498e-29	1.23692e-32	1.41233e-32	2.24109e-29	-4.12245e-28	-7.13106e-31	-4.13498e-28	-7.1345e-31	-4.11744e-28	-7.13198e-31	-5.83694e-28	-1.14381e-30	-7.13278e-31	-4.12894e-28	-1.00464e-26	-6.5992e-28	5.19902e-27	6.72212e-17	439.94	4.57132e-22	2.22756e-24	4.51589e-22	2.2189e-24	2.21029e-24	4.45837e-22	4.39943e-22	2.20172e-24	4.33977e-22	2.19319e-24	-1.66856e-22	-9.55005e-26	2.68273e-24	5.52362e-22	-6.97558e-22	-2.45285e-24	-1.0455e-24	-1.84202e-21	-9.77152e-26	-1.67626e-21	-1.91373e-21	-1.11527e-24	-1.01242e-24	-1.79041e-21	-1.15234e-24	-1.91439e-21	2.68059e-24	5.5138e-22	-1.73439e-21	-9.8045e-25	-1.88539e-21	-1.07974e-24	-1.86256e-21	-1.19164e-24	2.67858e-24	5.50315e-22	5.47024e-22	2.67375e-24	2.67458e-24	5.47992e-22	2.67658e-24	5.49182e-22	7.45944e-22	4.09434e-24	1.66711e-20	1.74571e-21	0	0.884886	0.229605	0	0	-1.92368e-24	-7.6157e-21	-6.44816e-22	0	0	-1.92605e-24	1.82917e-24	1.83163e-24	1113.24	37.108	-1.94359e-21	1	0	0	1.71968e-27	
266304	502.064	88.5859	3.30014e-31	3.43973e-27	49820	554.676	1.27128	49820	1.17797e-25	1.17986e-25	547.936	1.26117	540.384	1.25116	0.229103	0.868546	1.2289e-23	-9.20658e-17	11.3131	10.0842	8.86041	12.2225	0.0286481	0.0267377	0.0249723	0.0240529	4.52915e-26	-1.19115e-16	1.26622	551.443	1.22694e-23	-9.17063e-17	1.25137	548.214	0.0296836	12.2524	1.25615	544.228	1.17307e-28	547.757	1.25027	5.92086e-29	0.869934	0.229469	0.0249923	9.31223	546.608	1.2482	545.359	1.24665	10.7094	0.025839	4.72039	0.0612198	9.46307	0.0241364	0.0276719	11.848	3.71933e-26	-3.45058e-17	5.91556e-29	685.291	1.86982	21.7141	0.759445	2.23765e-28	9.66242e-18	6.09681e-27	547.217	1.24923	545.943	1.24717	152.717	26.9459	-2.86226e-17	1.34791e-28	758.952	154452	6.10409e-27	26.9459	152.717	3.71936e-26	-3.45058e-17	500	0.173388	0.0306789	26.9459	152.718	1.17229e-28	0.100158	0.567163	4.33326e-26	-3.99335e-17	0	5519.19	12.5655	5487.15	12.5154	402859	70907.3	12.4656	5452.38	5377.49	12.3667	12.416	5415.61	93.7519	0.250084	1.23686	545.516	6.12857	474.856	2.67683	1138.92	953.251	2.41652	2.86799	1230	1015.62	2.50018	1232.77	2.97161	0.240817	892.725	1.23577	545.064	2.77031	1192.54	1078.36	2.5869	543.266	1.23271	1.23475	544.529	542.687	1.2322	1.23373	543.926	1.84798	681.889	750.361	154102	6.90336e-26	26.9459	152.717	6.89719e-26	0	0	-2.28073e-30	-3.88324e-28	-2.27179e-30	-3.82814e-28	-3.71346e-28	-2.25405e-30	-3.77136e-28	-2.2629e-30	-3.65508e-28	-2.24525e-30	1.28552e-28	8.17755e-32	-3.82315e-28	-2.24573e-30	9.27651e-32	1.4662e-28	8.42691e-32	1.34078e-28	9.89747e-32	1.49424e-28	2.10617e-31	5.46268e-29	8.70052e-32	1.38689e-28	-1.26551e-27	-7.1891e-29	-4.6657e-27	-2.74453e-29	8.39863e-32	1.29317e-28	9.58041e-32	1.49103e-28	1.4297e-28	8.98357e-32	1.02336e-31	1.45628e-28	-4.63072e-27	-2.73826e-29	-4.65458e-27	-2.74244e-29	-4.62071e-27	-2.73736e-29	-6.27505e-27	-4.18225e-29	-2.74035e-29	-4.64289e-27	3.72e-26	-1.76528e-26	3.61815e-25	-3.44979e-17	439.94	-5.83418e-21	-2.81987e-23	-5.76437e-21	-2.80887e-23	-2.79792e-23	-5.69191e-21	-5.61763e-21	-2.78702e-23	-5.54242e-21	-2.77619e-23	1.6543e-21	9.71435e-25	-3.39594e-23	-7.04113e-21	6.96722e-21	2.50365e-23	1.06801e-23	1.83335e-20	9.98509e-25	1.66403e-20	1.90769e-20	1.13891e-23	1.03438e-23	1.78049e-20	1.17658e-23	1.9097e-20	-3.39319e-23	-7.02831e-21	1.72328e-20	1.00187e-23	1.87802e-20	1.10281e-23	1.85922e-20	1.21651e-23	-3.39061e-23	-7.01443e-21	-6.97143e-21	-3.38437e-23	-3.38547e-23	-6.9842e-21	-3.38804e-23	-6.99968e-21	-9.35874e-21	-5.16821e-23	-1.45844e-19	-2.18841e-20	0	0.870109	0.229153	0	0	7.10831e-24	7.7385e-20	6.54723e-21	0	0	7.11681e-24	-7.17734e-24	-7.18578e-24	1104.3	36.8101	-6.64348e-21	1	0	0	3.12195e-25	
273312	492.766	88.27	-4.58253e-30	9.22454e-26	49820	572.081	1.36809	49820	8.65944e-25	8.67334e-25	564.959	1.35717	557.004	1.34636	0.228615	0.854166	3.87059e-23	1.86163e-15	10.8506	9.64759	8.45513	11.7517	0.0284401	0.0265376	0.0247798	0.0238646	1.42208e-25	1.74707e-15	1.36261	568.661	3.8644e-23	1.85549e-15	1.34669	565.235	0.0294715	11.7942	1.35175	561.051	8.73191e-28	564.748	1.34551	4.35174e-28	0.855531	0.22898	0.0248879	8.9318	563.532	1.34327	562.216	1.3416	10.2587	0.0256427	4.54889	0.0607892	9.04176	0.0239475	0.0274679	11.3778	1.1698e-25	5.23194e-16	4.34775e-28	706.748	2.01328	22.3686	0.822659	1.65984e-27	-5.66012e-17	1.91678e-26	564.176	1.34439	562.831	1.34216	149.888	26.8498	4.18113e-16	1.031e-27	815.122	156607	1.91906e-26	26.8498	149.888	1.16978e-25	5.23194e-16	500	0.170179	0.0305698	26.8498	149.889	8.74101e-28	0.099801	0.556661	1.36226e-25	6.05313e-16	0	5692.9	13.5224	5659.01	13.4684	395390	70657.3	13.4146	5622.3	5543.4	13.3078	13.361	5583.54	89.9141	0.249048	1.33109	562.507	6.08595	457.587	2.65703	1092.33	910.793	2.39784	2.8474	1182.57	971.62	2.48112	1186.62	2.95061	0.238953	851.876	1.32992	562.025	2.75012	1145.17	1032.95	2.56747	560.124	1.32662	1.32882	561.458	559.514	1.32607	1.32772	560.82	1.9898	703.31	805.953	156266	5.07386e-25	26.8498	149.888	5.06922e-25	0	0	-5.95499e-30	-1.15872e-27	-5.93241e-30	-1.14272e-27	-1.10935e-27	-5.88758e-30	-1.12621e-27	-5.90994e-30	-1.09232e-27	-5.86533e-30	4.8756e-28	3.02622e-31	-1.14669e-27	-5.86315e-30	3.41115e-31	5.54238e-28	3.09684e-31	5.07592e-28	3.641e-31	5.64324e-28	7.75124e-31	2.06144e-28	3.19804e-31	5.24777e-28	-4.39756e-27	-1.9215e-28	-1.3996e-26	-7.16577e-29	3.08642e-31	4.89829e-28	3.52363e-31	5.63361e-28	5.40706e-28	3.30276e-31	3.76544e-31	5.49761e-28	-1.3897e-26	-7.15041e-29	-1.39646e-26	-7.16064e-29	-1.38689e-26	-7.14837e-29	-1.9143e-26	-1.09734e-28	-7.15552e-29	-1.39315e-26	1.16998e-25	-4.79148e-26	1.26124e-24	5.23064e-16	439.94	-2.10534e-20	-1.01889e-22	-2.08014e-20	-1.01492e-22	-1.01096e-22	-2.05398e-20	-2.02717e-20	-1.00702e-22	-2.00002e-20	-1.00311e-22	5.92686e-21	3.48332e-24	-1.22705e-22	-2.54072e-20	2.49671e-20	8.97872e-23	3.83026e-23	6.56916e-20	3.58105e-24	5.96199e-20	6.83581e-20	4.0845e-23	3.70967e-23	6.37959e-20	4.21957e-23	6.84318e-20	-1.22605e-22	-2.53609e-20	6.17446e-20	3.59311e-23	6.72936e-20	3.95505e-23	6.66242e-20	4.36275e-23	-1.22512e-22	-2.53108e-20	-2.51554e-20	-1.22286e-22	-1.22326e-22	-2.52015e-20	-1.22419e-22	-2.52574e-20	-3.37566e-20	-1.86725e-22	-5.20146e-19	-7.90346e-20	0	0.85569	0.228669	0	0	2.23478e-23	2.77451e-19	2.34754e-20	0	0	2.23743e-23	-2.28552e-23	-2.59702e-11	1095.44	36.5147	-5.95481e-21	1	0	0	1.11765e-24	
280320	483.701	87.9315	6.80517e-30	-1.22396e-25	49820	589.685	1.47218	49820	-8.91846e-25	-8.93278e-25	582.167	1.46039	573.794	1.44871	0.228092	0.840146	3.59325e-23	-2.15353e-15	10.409	9.23136	8.06949	11.3014	0.0282181	0.026324	0.0245743	0.0236636	1.33488e-25	-2.42234e-15	1.46627	586.071	3.5875e-23	-2.14566e-15	1.4492	582.433	0.0292451	11.3557	1.45453	578.051	-8.94611e-28	581.915	1.44792	-4.48164e-28	0.841489	0.228457	0.0247777	8.57188	580.631	1.44551	579.244	1.44371	9.82866	0.0254331	4.38469	0.0603295	8.6405	0.023746	0.0272501	10.9284	1.09125e-25	-7.31168e-16	-4.47755e-28	728.425	2.16755	23.0196	0.890398	-1.70352e-27	4.33821e-17	1.79138e-26	581.31	1.44671	579.891	1.44431	147.131	26.7468	-5.80138e-16	-1.04778e-27	875.078	158702	1.79356e-26	26.7468	147.131	1.09126e-25	-7.31168e-16	500	0.16705	0.030453	26.7469	147.132	-8.95085e-28	0.0994187	0.546422	1.27249e-25	-8.454e-16	0	5868.63	14.5514	5832.81	14.493	388108	70389.5	14.4349	5794.09	5711.04	14.3196	14.3771	5753.27	86.2826	0.247956	1.43243	579.678	6.04045	441.051	2.63589	1047.84	870.35	2.37789	2.82543	1137.22	929.674	2.46078	1142.47	2.9282	0.236964	813.002	1.43116	579.165	2.72857	1099.9	989.622	2.54673	577.158	1.42759	1.42997	578.565	576.516	1.427	1.42878	577.891	2.14231	724.952	865.291	158371	-5.22532e-25	26.7469	147.131	-5.22056e-25	0	0	-4.74856e-30	-5.64912e-28	-4.72891e-30	-5.55697e-28	-5.36684e-28	-4.68992e-30	-5.46259e-28	-4.70937e-30	-5.27072e-28	-4.67059e-30	8.9444e-29	6.79406e-32	-5.48531e-28	-4.67643e-30	7.96141e-32	1.04206e-28	7.25354e-32	9.43353e-29	8.47741e-32	1.06855e-28	1.80036e-31	3.92772e-29	7.48178e-32	9.7917e-29	-1.20537e-27	-1.44217e-28	-6.69051e-27	-5.71467e-29	7.22952e-32	9.06648e-29	8.21406e-32	1.06305e-28	1.0128e-28	7.71761e-32	8.75647e-32	1.04437e-28	-6.62939e-27	-5.70025e-29	-6.67091e-27	-5.70986e-29	-6.61173e-27	-5.698e-29	-8.70431e-27	-8.64671e-29	-5.70505e-29	-6.65048e-27	1.09151e-25	-3.43554e-26	6.00419e-25	-7.30959e-16	439.94	-9.97994e-21	-4.79799e-23	-9.86044e-21	-4.77931e-23	-4.76073e-23	-9.73639e-21	-9.60924e-21	-4.74223e-23	-9.48048e-21	-4.72384e-23	3.06026e-21	1.78147e-24	-5.77821e-23	-1.20505e-20	1.28574e-20	4.58538e-23	1.95547e-23	3.38715e-20	1.82801e-24	3.07692e-20	3.52271e-20	2.08554e-23	1.89379e-23	3.29038e-20	2.15464e-23	3.52562e-20	-5.77355e-23	-1.20288e-20	3.18555e-20	1.83417e-23	3.46878e-20	2.01931e-23	3.43169e-20	2.22789e-23	-5.7692e-23	-1.20053e-20	-1.19325e-20	-5.75865e-23	-5.7605e-23	-1.1954e-20	-5.76485e-23	-1.19803e-20	-1.60896e-20	-8.80163e-23	-2.82198e-19	-3.73877e-20	0	0.841631	0.22815	0	0	2.0886e-23	1.42016e-19	1.20138e-20	0	0	2.09115e-23	-1.08208e-11	8.65674e-12	1086.65	36.2216	-4.09943e-21	1	0	0	5.20013e-25	
287328	474.871	87.569	6.207e-30	-1.21558e-25	49820	607.473	1.58417	49820	-2.35132e-24	-2.3551e-24	599.544	1.57143	590.739	1.55882	0.227532	0.82649	-1.19899e-23	-4.95339e-15	9.9877	8.8349	7.70282	10.8711	0.0279813	0.0260962	0.0243552	0.0234494	-4.22381e-26	-4.3934e-15	1.57778	603.658	-1.19708e-23	-4.93753e-15	1.55949	599.795	0.0290035	10.9365	1.5651	595.214	-2.37191e-27	599.244	1.55811	-1.18177e-27	0.82781	0.227896	0.0246619	8.23181	597.888	1.5555	596.43	1.55355	9.41874	0.0252097	4.22759	0.0598391	8.25864	0.0235312	0.0270179	10.4993	-3.55837e-26	-1.32462e-15	-1.18069e-27	750.301	2.33354	23.6668	0.962965	-4.5076e-27	1.00135e-16	-5.79091e-27	598.604	1.5568	597.11	1.5542	144.445	26.6366	-1.04563e-15	-2.79873e-27	939.071	160737	-5.7971e-27	26.6366	144.445	-3.55791e-26	-1.32462e-15	500	0.164002	0.0303279	26.6366	144.446	-2.37427e-27	0.0990093	0.536449	-4.12195e-26	-1.53379e-15	0	6046.23	15.6583	6008.4	15.5953	381014	70102.6	15.5325	5967.6	5880.26	15.4079	15.4701	5924.65	82.8505	0.246807	1.54144	597.014	5.99191	425.229	2.61334	1005.39	831.858	2.35663	2.802	1093.88	889.716	2.43909	1100.24	2.90429	0.234843	776.036	1.54007	596.469	2.70558	1056.68	948.313	2.52461	594.352	1.53621	1.53878	595.834	593.678	1.53557	1.5375	595.124	2.30637	746.798	928.625	160415	-1.37787e-24	26.6366	144.445	-1.37661e-24	0	0	1.04992e-29	1.92707e-27	1.04583e-29	1.90114e-27	1.847e-27	1.0377e-29	1.87436e-27	1.04175e-29	1.81938e-27	1.03366e-29	-6.71781e-28	-4.15894e-31	1.90184e-27	1.0338e-29	-4.70869e-31	-7.64418e-28	-4.27648e-31	-6.99959e-28	-5.02464e-31	-7.78385e-28	-1.0694e-30	-2.84349e-28	-4.41566e-31	-7.23705e-28	6.55321e-27	3.3039e-28	2.32137e-26	1.26343e-28	-4.26211e-31	-6.75415e-28	-4.86331e-31	-7.77032e-28	-7.45716e-28	-4.55965e-31	-5.19567e-31	-7.58315e-28	2.30513e-26	1.26057e-28	2.31623e-26	1.26247e-28	2.30048e-26	1.26017e-28	3.13177e-26	1.92768e-28	1.26152e-28	2.31079e-26	-3.55776e-26	8.1833e-26	-1.28332e-24	-1.32436e-15	439.94	1.81807e-20	8.78013e-23	1.79637e-20	8.74584e-23	8.71172e-23	1.77384e-20	1.75074e-20	8.67777e-23	1.72735e-20	8.64399e-23	-4.83829e-21	-2.86232e-24	1.05738e-22	2.19356e-20	-2.04206e-20	-7.3843e-23	-3.15071e-23	-5.36802e-20	-2.94596e-24	-4.86856e-20	-5.58817e-20	-3.35959e-23	-3.05165e-23	-5.21198e-20	-3.47054e-23	-5.59523e-20	1.05652e-22	2.18954e-20	-5.04325e-20	-2.95587e-23	-5.50007e-20	-3.25324e-23	-5.44836e-20	-3.58816e-23	1.05571e-22	2.18519e-20	2.17172e-20	1.05376e-22	1.0541e-22	2.17573e-20	1.05491e-22	2.18057e-20	2.90556e-20	1.6082e-22	4.09789e-19	6.79896e-20	0	0.827936	0.227594	0	0	-6.75125e-24	-2.27926e-19	-1.92813e-20	0	0	-6.75848e-24	-1.08208e-11	3.46269e-11	1077.93	35.9308	-4.70561e-21	1	0	0	-1.04248e-24	
294336	466.277	87.181	-2.96732e-29	5.18787e-25	49820	625.429	1.70472	49820	3.67386e-24	3.67976e-24	617.073	1.69095	607.823	1.67732	0.226933	0.813199	3.9485e-24	1.41432e-14	9.58603	8.45757	7.35448	10.4603	0.0277289	0.0258534	0.0241217	0.0232211	1.13597e-26	1.58114e-14	1.69781	621.404	3.94222e-24	1.40918e-14	1.67821	617.301	0.028746	10.536	1.68412	612.521	3.71284e-27	616.717	1.67672	1.84614e-27	0.814498	0.227295	0.0245403	7.91092	615.287	1.6739	613.755	1.6718	9.02826	0.0249715	4.0774	0.0593162	7.89552	0.0233023	0.0267703	10.09	1.07885e-26	4.74044e-15	1.84444e-27	772.357	2.51222	24.31	1.04068	7.05387e-27	-4.50594e-16	1.703e-27	616.041	1.67531	614.469	1.67249	141.831	26.5186	3.79669e-15	4.40718e-27	1007.37	162713	1.70385e-27	26.5186	141.831	1.07774e-26	4.74044e-15	500	0.161036	0.030194	26.5186	141.832	3.71799e-27	0.098571	0.526743	1.21618e-26	5.47989e-15	0	6225.53	16.8498	6185.62	16.7816	374109	69795.5	16.7138	6142.66	6050.88	16.5792	16.6463	6097.5	79.6114	0.2456	1.65877	614.498	5.94015	410.101	2.5893	964.913	795.251	2.33396	2.77701	1052.49	851.68	2.41597	1059.89	2.8788	0.232583	740.913	1.6573	613.92	2.68107	1015.43	908.958	2.50104	611.69	1.65313	1.6559	613.249	610.981	1.65244	1.65451	612.501	2.48296	768.826	996.219	162401	2.15249e-24	26.5186	141.831	2.15051e-24	0	0	-7.30903e-30	-1.67695e-27	-7.2819e-30	-1.65573e-27	-1.6112e-27	-7.228e-30	-1.63373e-27	-7.25489e-30	-1.58839e-27	-7.20125e-30	7.92526e-28	4.75893e-31	-1.66777e-27	-7.19579e-30	5.34707e-31	8.98244e-28	4.85262e-31	8.2399e-28	5.70875e-31	9.13654e-28	1.21562e-30	3.33445e-28	5.0118e-31	8.51415e-28	-6.97281e-27	-2.37414e-28	-2.03617e-26	-8.79475e-29	4.83625e-31	7.95602e-28	5.52405e-31	9.12553e-28	8.7678e-28	5.17652e-31	5.90457e-31	8.8965e-28	-2.02347e-26	-8.77674e-29	-2.03218e-26	-8.78874e-29	-2.01989e-26	-8.77451e-29	-2.81059e-26	-1.35314e-28	-8.78273e-29	-2.02793e-26	1.07689e-26	-6.05205e-26	1.27423e-24	4.73902e-15	439.94	-2.17988e-20	-1.05536e-22	-2.15384e-20	-1.05124e-22	-1.04714e-22	-2.12679e-20	-2.09908e-20	-1.04305e-22	-2.07101e-20	-1.03899e-22	5.78463e-21	3.42352e-24	-1.27095e-22	-2.62991e-20	2.44164e-20	8.833e-23	3.76892e-23	6.41824e-20	3.52402e-24	5.82095e-20	6.68154e-20	4.01874e-23	3.65042e-23	6.23163e-20	4.15145e-23	6.69002e-20	-1.26992e-22	-2.62509e-20	6.02985e-20	3.53587e-23	6.57616e-20	3.89154e-23	6.51445e-20	4.29213e-23	-1.26895e-22	-2.61987e-20	-2.60369e-20	-1.2666e-22	-1.26702e-22	-2.60851e-20	-1.26798e-22	-2.61432e-20	-3.48305e-20	-1.93293e-22	-4.88809e-19	-8.16851e-20	0	0.814606	0.226999	0	0	1.98489e-24	2.72567e-19	2.3061e-20	0	0	1.98589e-24	2.16415e-11	-9.52241e-11	1069.27	35.6424	-4.45319e-21	1	0	0	1.07464e-24	
301344	457.921	86.7657	5.29699e-30	-9.41889e-26	49820	643.531	1.83454	49820	-6.71296e-25	-6.72373e-25	634.736	1.81966	625.026	1.80493	0.226291	0.800276	2.23277e-23	-1.65809e-15	9.20342	8.09875	7.02384	10.0684	0.02746	0.0255947	0.023873	0.022978	8.30465e-26	4.71147e-15	1.82708	639.291	2.22919e-23	-1.66491e-15	1.80608	634.933	0.0284716	10.1536	1.81227	629.955	-6.72674e-28	634.315	1.80446	-3.37313e-28	0.801554	0.226653	0.0244132	7.60857	632.808	1.80141	631.201	1.79914	8.65662	0.0247179	3.93393	0.058759	7.55053	0.0230585	0.0265066	9.6997	6.78429e-26	1.3379e-15	-3.37005e-28	794.567	2.70466	24.9488	1.1239	-1.28135e-27	-4.05477e-16	1.11394e-26	633.602	1.80294	631.949	1.79989	139.289	26.3922	1.27286e-15	-7.86528e-28	1080.25	164632	1.1153e-26	26.3922	139.289	6.78432e-26	1.3379e-15	500	0.158152	0.0300507	26.3923	139.291	-6.72957e-28	0.098102	0.517306	7.91208e-26	1.50795e-15	0	6406.33	18.1328	6364.27	18.0591	367394	69466.8	17.9858	6319.09	6222.73	17.8403	17.9129	6271.65	76.5586	0.244338	1.78514	632.112	5.88499	395.648	2.56369	926.35	760.466	2.30982	2.75038	1013	815.506	2.39135	1021.37	2.85164	0.230176	707.569	1.78354	631.499	2.65496	976.1	871.496	2.47593	629.152	1.77903	1.78204	630.792	628.409	1.77829	1.78053	630.004	2.67314	791.013	1068.36	164328	-3.93286e-25	26.3922	139.289	-3.92928e-25	0	0	-5.48243e-30	-8.08668e-28	-5.46047e-30	-7.96677e-28	-7.7181e-28	-5.41688e-30	-7.84351e-28	-5.43862e-30	-7.5919e-28	-5.39526e-30	1.19982e-28	8.76776e-32	-7.88384e-28	-5.39847e-30	1.02002e-31	1.39611e-28	9.29101e-32	1.26482e-28	1.08632e-31	1.43079e-28	2.30744e-31	5.25611e-29	9.58411e-32	1.31254e-28	-1.75844e-27	-1.70185e-28	-9.61848e-27	-6.59725e-29	9.26027e-32	1.21587e-28	1.05248e-31	1.42384e-28	1.35728e-28	9.88701e-32	1.12218e-31	1.39799e-28	-9.53795e-27	-6.58135e-29	-9.59275e-27	-6.59194e-29	-9.5145e-27	-6.57891e-29	-1.24802e-26	-9.98681e-29	-6.58664e-29	-9.56583e-27	6.78594e-26	-4.09145e-26	5.44616e-25	1.33543e-15	439.94	-5.84441e-21	-2.81009e-23	-5.7746e-21	-2.79914e-23	-2.78824e-23	-5.70213e-21	-5.62784e-21	-2.77739e-23	-5.55261e-21	-2.7666e-23	1.72344e-21	1.00748e-24	-3.38418e-23	-7.056e-21	7.24988e-21	2.59474e-23	1.10669e-23	1.90878e-20	1.03461e-24	1.73318e-20	1.98569e-20	1.18024e-23	1.07181e-23	1.85398e-20	1.21931e-23	1.98756e-20	-3.38144e-23	-7.04326e-21	1.79465e-20	1.03809e-23	1.95504e-20	1.14279e-23	1.93483e-20	1.26074e-23	-3.37888e-23	-7.02946e-21	-6.98668e-21	-3.37268e-23	-3.37378e-23	-6.99937e-21	-3.37633e-23	-7.01477e-21	-9.39933e-21	-5.15273e-23	-1.55577e-19	-2.18515e-20	0	0.801643	0.226362	0	0	1.29877e-23	8.03095e-20	6.79248e-21	0	0	1.30036e-23	-1.25944e-23	1.73135e-11	1060.69	35.3563	-2.56033e-21	1	0	0	4.37545e-25	
308352	449.805	86.3214	-9.90689e-34	-1.42786e-35	49820	661.761	1.97446	49820	-3.74915e-27	-3.75517e-27	652.511	1.95836	642.328	1.94242	0.225605	0.787721	1.62528e-25	1.50256e-16	8.83923	7.75778	6.71023	9.69479	0.0271737	0.0253194	0.0236083	0.0227193	6.03515e-28	2.79828e-16	1.96639	657.297	1.62268e-25	1.49519e-16	1.94388	652.671	0.0281795	9.78876	1.95037	647.495	-3.75387e-30	652.018	1.94213	-1.88453e-30	0.78898	0.225966	0.0242806	7.32407	650.432	1.93883	648.747	1.93637	8.30316	0.024448	3.79697	0.0581658	7.22301	0.022799	0.0262259	9.32793	4.93478e-28	6.6785e-17	-1.88283e-30	816.907	2.91206	25.5829	1.21297	-7.14933e-30	-9.50934e-17	8.10077e-29	651.266	1.94048	649.531	1.93719	136.82	26.2571	7.42818e-17	-4.36375e-30	1158.03	166493	8.11061e-29	26.2571	136.82	4.93476e-28	6.6785e-17	500	0.155351	0.0298973	26.2572	136.821	-3.75404e-30	0.0976002	0.508138	5.7538e-28	7.61876e-17	0	6588.44	19.5154	6544.16	19.4357	360870	69115.2	19.3564	6496.68	6395.6	19.199	19.2775	6446.89	73.6855	0.243021	1.92131	649.834	5.82625	381.849	2.53643	889.64	727.438	2.28413	2.72204	975.348	781.128	2.36515	984.607	2.82271	0.227615	675.94	1.91958	649.186	2.62717	938.631	835.863	2.4492	646.719	1.9147	1.91795	648.441	645.94	1.91389	1.91632	647.613	2.87809	813.333	1145.33	166199	-2.19724e-27	26.2571	136.821	-2.19526e-27	0	0	-4.38973e-32	-6.57462e-30	-4.37214e-32	-6.47855e-30	-6.27917e-30	-4.33723e-32	-6.37974e-30	-4.35465e-32	-6.17794e-30	-4.31992e-32	9.54432e-31	6.91355e-34	-6.41199e-30	-4.32249e-32	8.04867e-34	1.11022e-30	7.33176e-34	1.00613e-30	8.57142e-34	1.13755e-30	1.82057e-33	4.17798e-31	7.56289e-34	1.04398e-30	-1.42563e-29	-1.36075e-30	-7.82312e-29	-5.28234e-31	7.30751e-34	9.67296e-31	8.30461e-34	1.13214e-30	1.07945e-30	7.80173e-34	8.85417e-34	1.11135e-30	-7.75861e-29	-5.2696e-31	-7.80252e-29	-5.27809e-31	-7.73981e-29	-5.26765e-31	-1.01434e-28	-7.99567e-31	-5.27384e-31	-7.78096e-29	4.93591e-28	-3.27483e-28	3.78591e-27	6.67106e-17	439.94	-4.81303e-23	-2.31417e-25	-4.75554e-23	-2.30515e-25	-2.29618e-25	-4.69586e-23	-4.63468e-23	-2.28725e-25	-4.57273e-23	-2.27836e-25	1.41855e-23	8.29295e-27	-2.78695e-25	-5.81079e-23	5.96741e-23	2.13585e-25	9.10971e-26	1.57111e-22	8.51638e-27	1.42657e-22	1.63442e-22	9.71512e-26	8.8226e-26	1.526e-22	1.00367e-25	1.63597e-22	-2.7847e-25	-5.8003e-23	1.47717e-22	8.54506e-26	1.60919e-22	9.40686e-26	1.59257e-22	1.03777e-25	-2.78259e-25	-5.78893e-23	-5.7537e-23	-2.77748e-25	-2.77838e-25	-5.76415e-23	-2.78048e-25	-5.77684e-23	-7.74034e-23	-4.24337e-25	-1.28016e-21	-1.79949e-22	0	0.789049	0.225681	0	0	9.44482e-26	6.61057e-22	5.59114e-23	0	0	9.45632e-26	-9.2251e-26	-9.23679e-26	1052.18	35.0725	-2.56091e-21	1	0	0	2.9203e-27	
315360	441.927	85.8462	1.85034e-34	2.14412e-37	49820	680.094	2.12533	49820	7.11322e-28	7.12464e-28	670.377	2.10791	659.707	2.09066	0.224871	0.775538	-3.66856e-26	-9.49264e-17	8.49286	7.43407	6.41305	9.3389	0.0268691	0.0250266	0.0233269	0.0224443	-1.36111e-28	-1.26999e-16	2.1166	675.4	-3.66269e-26	-9.45247e-17	2.09249	670.492	0.0278687	9.44103	2.09926	665.119	7.12255e-31	669.802	2.09059	3.5755e-31	0.776777	0.225231	0.0241429	7.05679	668.136	2.08701	666.372	2.08434	7.96728	0.0241609	3.66635	0.0575345	6.91234	0.0225232	0.0259272	8.97407	-1.11347e-28	-4.23432e-17	3.57227e-31	839.348	3.13571	26.212	1.30829	1.35648e-30	-1.93405e-17	-1.82756e-29	669.011	2.0888	667.192	2.08523	134.424	26.1126	-3.06249e-17	8.28049e-31	1241.01	168297	-1.82977e-29	26.1126	134.424	-1.11347e-28	-4.23432e-17	500	0.152632	0.0297333	26.1126	134.425	7.12291e-31	0.0970634	0.499241	-1.29816e-28	-4.87128e-17	0	6771.61	21.0062	6725.05	20.9199	354538	68739	20.8341	6675.2	6569.28	20.6637	20.7487	6623.01	70.9855	0.241652	2.06814	667.642	5.76374	368.687	2.50743	854.722	696.105	2.25682	2.69188	939.478	748.484	2.33727	949.565	2.79193	0.224891	645.963	2.06627	666.958	2.59759	902.962	801.998	2.42077	664.369	2.06098	2.0645	666.174	663.554	2.0601	2.06274	665.306	3.09907	835.76	1227.47	168012	4.16881e-28	26.1126	134.424	4.16505e-28	0	0	1.19257e-32	1.80554e-30	1.18779e-32	1.77943e-30	1.72522e-30	1.1783e-32	1.75257e-30	1.18303e-32	1.69768e-30	1.1736e-32	-2.54872e-31	-1.83893e-34	1.76119e-30	1.1743e-32	-2.14293e-34	-2.96528e-31	-1.95225e-34	-2.6874e-31	-2.28196e-34	-3.03815e-31	-4.84655e-34	-1.11579e-31	-2.01373e-34	-2.78846e-31	3.88934e-30	3.69307e-31	2.14885e-29	1.43506e-31	-1.9458e-34	-2.58369e-31	-2.211e-34	-3.02378e-31	-2.88317e-31	-2.07725e-34	-2.35716e-34	-2.9681e-31	2.13131e-29	1.4316e-31	2.14325e-29	1.43391e-31	2.12619e-29	1.43107e-31	2.78378e-29	2.17196e-31	1.43275e-31	2.13738e-29	-1.11372e-28	8.89346e-29	-9.08519e-28	-4.23181e-17	439.94	1.15089e-23	5.53429e-26	1.13714e-23	5.51272e-26	5.49126e-26	1.12287e-23	1.10824e-23	5.46989e-26	1.09343e-23	5.44864e-26	-3.39656e-24	-1.98536e-27	6.66492e-26	1.38948e-23	-1.42877e-23	-5.11323e-26	-2.18085e-26	-3.76177e-23	-2.03881e-27	-3.41574e-23	-3.91332e-23	-2.32579e-26	-2.11212e-26	-3.65378e-23	-2.40279e-26	-3.91701e-23	6.65953e-26	1.38697e-23	-3.53687e-23	-2.04567e-26	-3.85293e-23	-2.25199e-26	-3.81307e-23	-2.48442e-26	6.65449e-26	1.38426e-23	1.37583e-23	6.64228e-26	6.64443e-26	1.37833e-23	6.64946e-26	1.38136e-23	1.85102e-23	1.0148e-25	3.06748e-22	4.30354e-23	0	0.776826	0.224952	0	0	-2.13078e-26	-1.58261e-22	-1.33855e-23	0	0	-2.13337e-26	2.08909e-26	2.09171e-26	1043.73	34.791	-2.5609e-21	1	0	0	-6.71755e-28	
322368	434.29	85.3381	-2.79983e-35	8.17326e-38	49820	698.506	2.28814	49820	-9.10139e-29	-9.116e-29	688.31	2.26927	677.14	2.25059	0.224086	0.763726	5.71463e-27	-1.51501e-16	8.1637	7.12698	6.13166	9.00016	0.0265453	0.0247153	0.0230278	0.022152	2.11856e-29	-1.12258e-16	2.27868	693.576	5.70548e-27	-1.51053e-16	2.25285	688.371	0.0275382	9.10983	2.2599	682.802	-9.10812e-32	687.644	2.25079	-4.57486e-32	0.764946	0.224444	0.0240004	6.80605	685.897	2.24691	684.051	2.24402	7.64837	0.0238557	3.54185	0.0568632	6.6179	0.0222301	0.0256098	8.63752	1.73389e-29	-3.48801e-17	-4.57073e-32	861.862	3.37706	26.8359	1.41028	-1.73494e-31	-2.64367e-18	2.84546e-30	686.814	2.24885	684.909	2.24498	132.101	25.958	-2.65232e-17	-1.05774e-31	1329.55	170046	2.8489e-30	25.958	132.101	1.73388e-29	-3.48801e-17	500	0.149996	0.0295579	25.9581	132.102	-9.10797e-32	0.0964896	0.490616	2.0213e-29	-4.03774e-17	0	6955.62	22.6146	6906.7	22.5212	348398	68336.9	22.4283	6854.43	6743.54	22.2438	22.3358	6799.76	68.4521	0.240234	2.22657	685.514	5.69726	356.14	2.47661	821.534	666.405	2.22779	2.65981	905.334	717.513	2.30765	916.184	2.75921	0.221997	617.576	2.22454	684.793	2.56615	869.034	769.84	2.39055	682.077	2.2188	2.22262	683.969	681.226	2.21785	2.22071	683.058	3.33751	858.264	1315.1	169770	-5.33401e-29	25.958	132.101	-5.3292e-29	0	0	-1.94324e-33	-2.95704e-31	-1.93545e-33	-2.91449e-31	-2.82612e-31	-1.92e-33	-2.8707e-31	-1.92771e-33	-2.78122e-31	-1.91233e-33	4.14928e-32	2.98354e-35	-2.88477e-31	-1.91347e-33	3.47748e-35	4.82664e-32	3.1681e-35	4.37492e-32	3.70304e-35	4.9448e-32	7.86462e-35	1.81587e-32	3.26785e-35	4.53924e-32	-6.3673e-31	-6.01478e-32	-3.51978e-30	-2.33838e-32	3.15763e-35	4.20627e-32	3.58792e-35	4.92164e-32	4.69319e-32	3.37092e-35	3.82504e-35	4.83059e-32	-3.4912e-30	-2.33273e-32	-3.51067e-30	-2.33649e-32	-3.48286e-30	-2.33186e-32	-4.55892e-30	-3.53904e-32	-2.33461e-32	-3.50111e-30	1.73427e-29	-1.44899e-29	1.39451e-28	-3.48727e-17	439.94	-1.89112e-24	-9.09342e-27	-1.86853e-24	-9.05798e-27	-9.02271e-27	-1.84508e-24	-1.82104e-24	-8.98761e-27	-1.7967e-24	-8.9527e-27	5.57818e-25	3.26076e-28	-1.09512e-26	-2.28317e-24	2.34651e-24	8.39801e-27	3.58186e-27	6.17801e-24	3.34856e-28	5.60969e-24	6.42693e-24	3.81991e-27	3.46897e-27	6.00066e-24	3.94637e-27	6.43301e-24	-1.09423e-26	-2.27904e-24	5.80864e-24	3.35984e-27	6.32774e-24	3.6987e-27	6.26232e-24	4.08043e-27	-1.0934e-26	-2.27458e-24	-2.26074e-24	-1.0914e-26	-1.09175e-26	-2.26484e-24	-1.09258e-26	-2.26983e-24	-3.04147e-24	-1.66742e-26	-5.03622e-23	-7.0711e-24	0	0.764974	0.224173	0	0	3.31756e-27	2.59926e-23	2.19843e-24	0	0	3.32158e-27	-3.26422e-27	-3.26829e-27	1035.35	34.5117	-2.5609e-21	1	0	0	1.00746e-28	
329376	426.894	84.795	7.06596e-35	1.5186e-37	49820	716.972	2.46396	49820	2.70079e-28	2.70513e-28	706.283	2.4435	694.603	2.42326	0.223248	0.752286	-1.45556e-26	1.43298e-16	7.85115	6.83589	5.86545	8.67801	0.0262013	0.0243848	0.0227102	0.0218418	-5.39939e-29	2.15148e-17	2.4537	711.799	-1.45323e-26	1.4306e-16	2.42602	706.285	0.0271871	8.79463	2.43335	700.521	2.70414e-31	705.52	2.42379	1.35757e-31	0.753488	0.223604	0.0238536	6.5712	703.689	2.41958	701.761	2.41644	7.34582	0.0235317	3.4233	0.05615	6.33906	0.0219189	0.0252726	8.3177	-4.41751e-29	-4.30825e-19	1.35634e-31	884.416	3.6377	27.4544	1.51937	5.15013e-31	-3.87035e-17	-7.25026e-30	704.649	2.42168	702.656	2.41748	129.852	25.7928	5.00212e-18	3.14334e-31	1424	171739	-7.25905e-30	25.7928	129.852	-4.41749e-29	-4.30825e-19	500	0.147443	0.0293705	25.7929	129.853	2.70425e-31	0.0958762	0.482262	-5.15011e-29	-1.15962e-20	0	7140.21	24.3514	7088.88	24.2501	342450	67907	24.1494	7034.12	6918.14	23.9496	24.0492	6976.91	66.0785	0.238773	2.39764	703.424	5.62662	344.191	2.44386	790.018	638.276	2.19696	2.62574	872.857	688.153	2.27619	884.411	2.72443	0.218923	590.715	2.39543	702.665	2.53275	836.788	739.326	2.35845	699.821	2.3892	2.39335	701.8	698.932	2.38817	2.39128	700.847	3.59498	880.814	1408.58	171472	1.58284e-28	25.7928	129.852	1.58141e-28	0	0	4.70366e-33	7.12145e-31	4.68481e-33	7.01853e-31	6.80483e-31	4.64739e-33	6.91264e-31	4.66606e-33	6.69628e-31	4.62883e-33	-1.0064e-31	-7.25457e-35	6.94668e-31	4.63161e-33	-8.45389e-35	-1.17077e-31	-7.70162e-35	-1.06111e-31	-9.00237e-35	-1.1995e-31	-1.91198e-34	-4.40513e-32	-7.94415e-35	-1.10099e-31	1.53499e-30	1.45628e-31	8.47574e-30	5.6601e-32	-7.67616e-35	-1.02018e-31	-8.72243e-35	-1.19384e-31	-1.13837e-31	-8.19478e-35	-9.29903e-35	-1.17182e-31	8.40661e-30	5.64644e-32	8.45368e-30	5.65554e-32	8.38645e-30	5.64434e-32	1.09805e-29	8.56653e-32	5.65098e-32	8.43057e-30	-4.41849e-29	3.50712e-29	-3.55359e-28	-4.04853e-19	439.94	4.62839e-24	2.22556e-26	4.57311e-24	2.21689e-26	2.20826e-26	4.51571e-24	4.45688e-24	2.19966e-26	4.3973e-24	2.19112e-26	-1.36528e-24	-7.9808e-28	2.68023e-26	5.58789e-24	-5.74318e-24	-2.05544e-26	-8.7667e-27	-1.51209e-23	-8.1957e-28	-1.37299e-23	-1.57302e-23	-9.34933e-27	-8.4904e-27	-1.46869e-23	-9.65884e-27	-1.5745e-23	2.67807e-26	5.5778e-24	-1.42169e-23	-8.22331e-27	-1.54874e-23	-9.05266e-27	-1.53273e-23	-9.98697e-27	2.67604e-26	5.56688e-24	5.533e-24	2.67113e-26	2.67199e-26	5.54304e-24	2.67401e-26	5.55524e-24	7.4438e-24	4.08092e-26	1.23267e-22	1.73061e-23	0	0.753494	0.22334	0	0	-8.45319e-27	-6.36178e-23	-5.38072e-24	0	0	-8.46345e-27	8.29491e-27	8.30531e-27	1027.04	34.2347	-2.5609e-21	1	0	0	-2.61978e-28	
336384	419.738	84.2147	2.59672e-36	3.93339e-38	49820	735.463	2.65397	49820	-1.86467e-29	-1.86766e-29	724.271	2.63178	712.07	2.60982	0.222351	0.741217	1.13885e-28	-4.68123e-18	7.55461	6.5602	5.61379	8.37187	0.0258361	0.0240339	0.0223733	0.0215126	4.36815e-31	-3.87845e-17	2.64285	730.043	1.13703e-28	-4.60311e-18	2.61318	724.206	0.0268143	8.49489	2.62077	718.25	-1.87738e-32	723.403	2.61076	-9.37275e-33	0.742401	0.222707	0.0237033	6.35157	721.486	2.60618	719.475	2.60277	7.059	0.0231878	3.31049	0.0553926	6.07521	0.0215888	0.0249147	8.01401	3.50773e-31	-1.01229e-17	-9.36423e-33	906.979	3.9194	28.0672	1.63604	-3.56945e-32	8.41173e-18	5.78942e-32	722.49	2.60847	720.408	2.6039	127.675	25.6163	-1.00381e-17	-2.20534e-32	1524.74	173378	5.79698e-32	25.6163	127.675	3.50792e-31	-1.01229e-17	500	0.144973	0.0291702	25.6164	127.676	-1.87868e-32	0.0952208	0.474179	4.10606e-31	-1.15205e-17	0	7325.1	26.2282	7271.3	26.1184	336694	67447.6	26.0091	7213.99	7092.81	25.7924	25.9004	7154.19	63.8583	0.237275	2.5825	721.345	5.5516	332.819	2.40911	760.111	611.655	2.16426	2.58956	841.991	660.341	2.24281	854.193	2.6875	0.215662	565.32	2.5801	720.548	2.4973	806.164	710.396	2.32438	717.574	2.57334	2.57784	719.642	716.647	2.57222	2.57559	718.645	3.87321	903.377	1508.3	173119	-1.09281e-29	25.6163	127.675	-1.09181e-29	0	0	-1.61151e-34	-2.05025e-32	-1.60483e-34	-2.01881e-32	-1.95376e-32	-1.59155e-34	-1.98654e-32	-1.59817e-34	-1.9208e-32	-1.58497e-34	2.78177e-33	2.0893e-36	-1.99406e-32	-1.58698e-34	2.46167e-36	3.24744e-33	2.24387e-36	2.93845e-33	2.62036e-36	3.33062e-33	5.56305e-36	1.22435e-33	2.31411e-36	3.05058e-33	-4.25039e-32	-4.86642e-33	-2.43262e-31	-1.9393e-33	2.23646e-36	2.82353e-33	2.53937e-36	3.31321e-33	3.15586e-33	2.38667e-36	2.70617e-36	3.2554e-33	-2.41167e-31	-1.93437e-33	-2.42592e-31	-1.93765e-33	-2.40559e-31	-1.9336e-33	-3.14917e-31	-2.93299e-33	-1.93601e-33	-2.41892e-31	3.50938e-31	-1.16277e-30	1.39534e-29	-1.01101e-17	439.94	4.60366e-26	2.21318e-28	4.54868e-26	2.20455e-28	2.19597e-28	4.4916e-26	4.43309e-26	2.18743e-28	4.37384e-26	2.17893e-28	-1.35452e-26	-7.92012e-30	2.66532e-28	5.55798e-26	-5.69838e-26	-2.03988e-28	-8.7004e-29	-1.50024e-25	-8.13375e-30	-1.36219e-25	-1.56071e-25	-9.27859e-29	-8.42621e-29	-1.45716e-25	-9.58575e-29	-1.5622e-25	2.66316e-28	5.54794e-26	-1.41052e-25	-8.16115e-29	-1.53661e-25	-8.98419e-29	-1.52076e-25	-9.91138e-29	2.66115e-28	5.53707e-26	5.50337e-26	2.65626e-28	2.65712e-28	5.51336e-26	2.65913e-28	5.5255e-26	7.40285e-26	4.05811e-28	1.22122e-24	1.72091e-25	0	0.742386	0.22245	0	0	6.75028e-29	-6.31333e-25	-5.3397e-26	0	0	6.75909e-29	-5.65747e-29	-5.66728e-29	1018.8	33.9599	-2.5609e-21	1	0	0	1.11152e-29	
343392	412.821	83.5948	9.64647e-37	3.65843e-39	49820	753.953	2.85951	49820	1.33482e-29	1.33696e-29	742.247	2.83542	729.514	2.81158	0.221394	0.730519	9.75303e-29	-6.70576e-17	7.27348	6.29929	5.37608	8.08118	0.0254488	0.0236619	0.0220161	0.0211638	3.48735e-31	2.04132e-17	2.84743	748.279	9.73744e-29	-6.69803e-17	2.81564	742.108	0.0264189	8.21007	2.82346	735.96	1.34125e-32	741.265	2.813	6.7095e-33	0.731686	0.221748	0.0235504	6.14652	739.262	2.80802	737.166	2.8043	6.78732	0.0228233	3.20322	0.0545891	5.82575	0.0212389	0.0245351	7.72586	2.91365e-31	1.94467e-18	6.70341e-33	929.516	4.22411	28.674	1.76079	2.55165e-32	-2.1438e-17	4.75115e-32	740.31	2.81051	738.138	2.80554	125.571	25.4277	6.02735e-18	1.56967e-32	1632.19	174963	4.75643e-32	25.4277	125.571	2.91359e-31	1.94467e-18	500	0.142586	0.0289563	25.4278	125.572	1.34186e-32	0.0945206	0.466367	3.38261e-31	2.10116e-18	0	7510.02	28.258	7453.68	28.1388	331130	66956.8	28.0202	7393.78	7267.3	27.785	27.9022	7331.34	61.7849	0.235749	2.78243	739.252	5.472	322.006	2.37225	731.755	586.482	2.12959	2.55119	812.678	634.017	2.20742	825.476	2.64833	0.212206	541.33	2.77983	738.415	2.45969	777.105	682.99	2.28826	735.309	2.77247	2.77737	737.467	734.343	2.77125	2.77492	736.426	4.17413	925.92	1614.65	174713	7.82286e-30	25.4278	125.571	7.81577e-30	0	0	4.17424e-35	4.18617e-33	4.1565e-35	4.1119e-33	3.9593e-33	4.12131e-35	4.03606e-33	4.13886e-35	3.88238e-33	4.10386e-35	-6.47151e-34	-5.26545e-37	4.04915e-33	4.11098e-35	-6.22374e-37	-7.58566e-34	-5.67266e-37	-6.84335e-34	-6.62525e-37	-7.79553e-34	-1.4066e-36	-2.87112e-34	-5.85039e-37	-7.11155e-34	8.56145e-33	1.246e-33	4.93748e-32	5.02351e-34	-5.65389e-37	-6.56924e-34	-6.42035e-37	-7.74706e-34	-7.36434e-34	-6.03398e-37	-6.84236e-37	-7.6269e-34	4.88837e-32	5.01032e-34	4.92168e-32	5.01911e-34	4.87425e-32	5.00823e-34	6.4224e-32	7.59718e-34	5.01471e-34	4.90527e-32	2.91355e-31	2.9465e-31	-6.41658e-30	1.93633e-18	439.94	-1.06368e-25	-5.11427e-28	-1.05098e-25	-5.09434e-28	-5.0745e-28	-1.03779e-25	-1.02427e-25	-5.05476e-28	-1.01057e-25	-5.03513e-28	3.13459e-26	1.83253e-29	-6.15909e-28	-1.28418e-25	1.31863e-25	4.7197e-28	2.01302e-28	3.47172e-25	1.88191e-29	3.15232e-25	3.61162e-25	2.1468e-28	1.94958e-28	3.37204e-25	2.21787e-28	3.61504e-25	-6.15411e-28	-1.28187e-25	3.26413e-25	1.88825e-28	3.55587e-25	2.07868e-28	3.51913e-25	2.29321e-28	-6.14945e-28	-1.27935e-25	-1.27157e-25	-6.13817e-28	-6.14016e-28	-1.27388e-25	-6.1448e-28	-1.27668e-25	-1.7106e-25	-9.37773e-28	-2.82859e-24	-3.97683e-25	0	0.731648	0.221499	0	0	5.53917e-29	1.46077e-24	1.2355e-25	0	0	5.54533e-29	-6.32146e-29	-6.32691e-29	1010.62	33.6873	-2.5609e-21	1	0	0	-5.7817e-30	
350400	406.144	82.9328	4.46351e-36	4.62426e-39	49820	772.412	3.08204	49820	1.0582e-29	1.0599e-29	760.182	3.05586	746.908	3.02996	0.220371	0.720189	-1.35388e-27	3.6297e-16	7.00716	6.05257	5.15172	7.80537	0.0250384	0.0232678	0.0216378	0.0207944	-5.00974e-30	1.87962e-16	3.06891	766.479	-1.35171e-27	3.62052e-16	3.03483	759.963	0.0259997	7.93964	3.04287	753.625	1.05652e-32	759.08	3.03196	5.31914e-33	0.72134	0.220723	0.0233959	5.95537	756.99	3.02654	754.808	3.02249	6.53017	0.0224371	3.10132	0.0537374	5.59006	0.0208684	0.0241329	7.45267	-4.1045e-30	5.95116e-17	5.31436e-33	951.993	4.55402	29.2746	1.89414	2.01394e-32	8.65078e-18	-6.73354e-31	758.083	3.02925	755.819	3.02383	123.54	25.2264	4.31855e-17	1.22152e-32	1746.77	176494	-6.74166e-31	25.2264	123.54	-4.10449e-30	5.95116e-17	500	0.140281	0.0287278	25.2265	123.541	1.05622e-32	0.0937729	0.458825	-4.78387e-30	6.92261e-17	0	7694.67	30.4553	7635.76	30.3258	325758	66432.7	30.197	7573.21	7441.34	29.9414	30.0688	7508.08	59.8516	0.234206	2.99887	757.115	5.38761	311.731	2.3332	704.89	562.697	2.09287	2.51052	784.862	609.121	2.16993	798.206	2.6068	0.208545	518.684	2.99604	756.239	2.41984	749.55	657.046	2.25	753	2.98802	2.99336	755.248	751.995	2.98669	2.99069	754.163	4.4999	948.408	1728.07	176252	6.20179e-30	25.2264	123.54	6.19622e-30	0	0	4.4289e-34	6.78255e-32	4.41114e-34	6.68576e-32	6.48466e-32	4.37588e-34	6.58613e-32	4.39347e-34	6.38247e-32	4.35839e-34	-9.32913e-33	-6.67843e-36	6.61771e-32	4.36106e-34	-7.791e-36	-1.08521e-32	-7.09843e-36	-9.83768e-33	-8.29591e-36	-1.11168e-32	-1.76181e-35	-4.08206e-33	-7.32173e-36	-1.02068e-32	1.45426e-31	1.36891e-32	8.07464e-31	5.32946e-33	-7.07497e-36	-9.45878e-33	-8.03821e-36	-1.10653e-32	-1.05525e-32	-7.55246e-36	-8.56899e-36	-1.08596e-32	8.00963e-31	5.31658e-33	8.05391e-31	5.32516e-33	7.99065e-31	5.3146e-33	1.04523e-30	8.06519e-33	5.32087e-33	8.03217e-31	-4.10534e-30	3.29933e-30	-2.7939e-29	5.95167e-17	439.94	5.02555e-25	2.41652e-27	4.96552e-25	2.4071e-27	2.39773e-27	4.90321e-25	4.83932e-25	2.3884e-27	4.77463e-25	2.37912e-27	-1.48233e-25	-8.66505e-29	2.9102e-27	6.06739e-25	-6.23554e-25	-2.23167e-27	-9.51834e-28	-1.64172e-24	-8.89839e-29	-1.4907e-24	-1.70787e-24	-1.01509e-27	-9.21835e-28	-1.59459e-24	-1.0487e-27	-1.70949e-24	2.90785e-27	6.05644e-25	-1.54357e-24	-8.92836e-28	-1.68151e-24	-9.82882e-28	-1.66413e-24	-1.08432e-27	2.90565e-27	6.04457e-25	6.00778e-25	2.90032e-27	2.90126e-27	6.01869e-25	2.90345e-27	6.03194e-25	8.08251e-25	4.43107e-27	1.33829e-23	1.8791e-24	0	0.721279	0.220484	0	0	-7.85071e-28	-6.90721e-24	-5.84205e-25	0	0	-7.86019e-28	7.78869e-28	7.79823e-28	1002.51	33.4169	-2.5609e-21	1	0	0	-1.9084e-29	
357408	399.703	82.2261	-1.00971e-36	-2.32192e-40	49820	790.809	3.32321	49820	-5.22266e-30	-5.23104e-30	778.047	3.29473	764.224	3.26657	0.21928	0.710227	2.40571e-28	-2.95683e-16	6.75505	5.81942	4.94012	7.54387	0.0246037	0.0228506	0.0212375	0.0204036	8.93058e-31	-1.82391e-16	3.30893	784.614	2.40186e-28	-2.94885e-16	3.27238	777.742	0.0255559	7.68306	3.28061	771.217	-5.22932e-33	776.818	3.26925	-2.62519e-33	0.711362	0.21963	0.0232416	5.77749	774.641	3.26334	772.373	3.25892	6.28696	0.0220284	3.00457	0.0528352	5.36756	0.0204764	0.0237071	7.19385	7.30348e-31	-5.61857e-17	-2.62282e-33	974.375	4.91157	29.8689	2.03666	-9.95934e-33	-8.13868e-19	1.19885e-31	775.778	3.26629	773.423	3.26039	121.581	25.0114	-4.23532e-17	-6.0793e-33	1868.94	177973	1.20031e-31	25.0114	121.581	7.30345e-31	-5.61857e-17	500	0.138059	0.0284839	25.0115	121.581	-5.22957e-33	0.0929747	0.451551	8.51538e-31	-6.53208e-17	0	7878.76	32.8363	7817.23	32.6954	320575	65873.2	32.5553	7751.99	7614.64	32.2774	32.4159	7684.13	58.0519	0.232662	3.23339	774.908	5.29821	301.975	2.29185	679.455	540.239	2.05402	2.46745	758.487	585.593	2.13026	772.33	2.56281	0.204672	497.323	3.23031	773.991	2.37764	723.442	632.506	2.20949	770.617	3.22157	3.22739	772.958	769.573	3.22012	3.22448	771.827	4.85289	970.807	1849.01	177740	-3.06081e-30	25.0114	121.581	-3.05805e-30	0	0	-1.08848e-34	-1.57417e-32	-1.08406e-34	-1.55128e-32	-1.50378e-32	-1.07528e-34	-1.52774e-32	-1.07966e-34	-1.47967e-32	-1.07092e-34	2.15189e-33	1.55907e-36	-1.53463e-32	-1.07184e-34	1.82474e-36	2.5055e-33	1.66277e-36	2.27025e-33	1.9428e-36	2.56737e-33	4.12551e-36	9.42984e-34	1.71499e-36	2.35579e-33	-3.34443e-32	-3.33425e-33	-1.87241e-31	-1.30983e-33	1.65727e-36	2.18248e-33	1.88254e-36	2.55508e-33	2.43596e-33	1.76895e-36	2.00664e-36	2.50831e-33	-1.85707e-31	-1.3066e-33	-1.86751e-31	-1.30875e-33	-1.8526e-31	-1.3061e-33	-2.42362e-31	-1.98176e-33	-1.30767e-33	-1.86239e-31	7.30514e-31	-8.01454e-31	7.46448e-30	-5.61886e-17	439.94	-7.26564e-26	-3.49376e-28	-7.17885e-26	-3.48014e-28	-3.46659e-28	-7.08876e-26	-6.9964e-26	-3.45311e-28	-6.90287e-26	-3.43969e-28	2.14375e-26	1.2531e-29	-4.20752e-28	-8.77188e-26	9.0178e-26	3.22733e-28	1.37649e-28	2.37426e-25	1.28684e-29	2.15586e-25	2.46992e-25	1.46798e-28	1.33311e-28	2.30611e-25	1.51657e-28	2.47225e-25	-4.20412e-28	-8.75604e-26	2.23231e-25	1.29117e-28	2.4318e-25	1.4214e-28	2.40665e-25	1.5681e-28	-4.20093e-28	-8.73888e-26	-8.6857e-26	-4.19323e-28	-4.19458e-28	-8.70148e-26	-4.19775e-28	-8.72063e-26	-1.16854e-25	-6.40637e-28	-1.93579e-24	-2.71678e-25	0	0.711278	0.2194	0	0	1.39776e-28	9.98893e-25	8.44854e-26	0	0	1.39946e-28	-1.36715e-28	-1.36888e-28	994.461	33.1487	-2.5609e-21	1	0	0	5.37431e-30	
364416	393.498	81.4718	-5.05307e-37	-1.13981e-39	49820	809.116	3.58487	49820	1.35309e-30	1.35526e-30	795.814	3.55386	781.436	3.52318	0.218115	0.700628	5.81602e-29	3.8194e-16	6.51658	5.59927	4.74069	7.29612	0.024144	0.0224095	0.0208143	0.0199907	2.13651e-31	3.01031e-16	3.56932	802.655	5.80671e-29	3.808e-16	3.5301	795.416	0.0250863	7.43981	3.53847	788.707	1.36162e-33	794.453	3.52669	6.8013e-34	0.701748	0.218463	0.0230891	5.61221	792.186	3.52023	789.832	3.5154	6.0571	0.0215963	2.91279	0.0518807	5.15765	0.0200621	0.0232568	6.94883	1.75769e-31	8.7841e-17	6.79511e-34	996.625	5.29949	30.4566	2.18895	2.58927e-33	-2.30421e-17	2.87984e-32	793.369	3.52346	790.922	3.51701	119.693	24.782	7.12924e-17	1.59807e-33	1999.18	179400	2.88325e-32	24.782	119.693	1.75768e-31	8.7841e-17	500	0.135917	0.0282236	24.7821	119.694	1.36249e-33	0.0921228	0.444542	2.04692e-31	1.01988e-16	0	8061.99	35.4191	7997.8	35.2657	315581	65275.9	35.1132	7929.84	7786.94	34.8106	34.9614	7859.2	56.3794	0.231133	3.48779	792.601	5.2036	292.719	2.24813	655.394	519.05	2.01295	2.42188	733.495	563.374	2.08832	747.795	2.51627	0.200578	477.189	3.48442	791.643	2.333	698.722	609.31	2.16666	788.134	3.47488	3.48124	790.567	787.051	3.47329	3.47806	789.391	5.2358	993.081	1977.93	179175	7.92989e-31	24.782	119.693	7.92269e-31	0	0	-1.05406e-37	-7.38812e-34	-1.10066e-37	-7.31007e-34	-7.14433e-34	-1.19257e-37	-7.22846e-34	-1.14682e-37	-7.05873e-34	-1.2376e-37	1.19709e-34	7.39788e-38	-7.29884e-34	-1.01422e-37	8.10692e-38	1.37633e-34	7.36532e-38	1.25425e-34	8.64938e-38	1.40512e-34	1.84062e-37	5.1434e-35	7.60407e-38	1.29901e-34	-1.8318e-33	-3.0602e-35	-8.91103e-33	-1.25752e-36	7.34098e-38	1.20807e-34	8.37235e-38	1.40095e-34	1.34066e-34	7.85113e-38	8.94317e-38	1.37038e-34	-8.85516e-33	-1.30856e-36	-8.89345e-33	-1.27457e-36	-8.83839e-33	-1.32021e-36	-1.15709e-32	-2.28108e-36	-1.29159e-36	-8.87476e-33	1.75797e-31	-8.98969e-33	-2.03147e-31	8.78384e-17	439.94	-3.05915e-26	-1.47095e-28	-3.02262e-26	-1.46521e-28	-1.45951e-28	-2.98468e-26	-2.9458e-26	-1.45383e-28	-2.90642e-26	-1.44818e-28	9.02049e-27	5.27317e-30	-1.77145e-28	-3.69334e-26	3.79459e-26	1.3581e-28	5.79248e-29	9.99054e-26	5.4152e-30	9.07146e-26	1.03931e-25	6.17743e-29	5.60991e-29	9.70372e-26	6.38194e-29	1.04029e-25	-1.77002e-28	-3.68667e-26	9.3932e-26	5.43344e-29	1.02327e-25	5.98142e-29	1.01269e-25	6.59875e-29	-1.76868e-28	-3.67945e-26	-3.65705e-26	-1.76544e-28	-1.76601e-28	-3.66369e-26	-1.76734e-28	-3.67176e-26	-4.91989e-26	-2.6972e-28	-8.14259e-25	-1.14381e-25	0	0.70164	0.218243	0	0	3.35761e-29	4.20342e-25	3.55521e-26	0	0	3.36159e-29	-3.43691e-29	-3.44082e-29	986.479	32.8826	-2.5609e-21	1	0	0	-2.73057e-31	
371424	387.525	80.6671	8.27805e-37	1.64478e-39	49820	827.302	3.86908	49820	-6.34249e-31	-6.35268e-31	813.454	3.83526	798.514	3.80182	0.216872	0.69139	-1.27297e-28	-4.67488e-16	6.29116	5.39153	4.55287	7.06157	0.0236582	0.0219435	0.0203676	0.0195548	-4.69634e-31	-5.07892e-16	3.85212	820.571	-1.27093e-28	-4.65829e-16	3.81003	812.959	0.02459	7.20935	3.81849	806.066	-6.4265e-34	811.954	3.8063	-3.18802e-34	0.692494	0.217218	0.0229408	5.45891	809.599	3.79923	807.158	3.79394	5.84001	0.02114	2.82579	0.0508716	4.95976	0.0196248	0.022781	6.71703	-3.85425e-31	-1.50597e-16	-3.1851e-34	1018.71	5.72083	31.0376	2.35166	-1.21953e-33	2.39948e-17	-6.31966e-32	810.828	3.80276	808.287	3.79571	117.876	24.5372	-1.21117e-16	-7.64104e-34	2138.01	180776	-6.32723e-32	24.5372	117.876	-3.85424e-31	-1.50597e-16	500	0.133855	0.0279458	24.5373	117.877	-6.43585e-34	0.091214	0.437796	-4.49067e-31	-1.74448e-16	0	8244.05	38.224	8177.18	38.0568	310773	64638.8	37.8905	8106.45	7957.95	37.5606	37.725	8033.02	54.8276	0.229642	3.76405	810.165	5.10357	283.943	2.20193	632.647	499.073	1.96959	2.37372	709.832	542.405	2.04402	724.547	2.46707	0.196256	458.225	3.76037	809.167	2.28584	675.335	587.4	2.12142	805.522	3.74994	3.75689	808.048	804.4	3.74819	3.75341	806.827	5.65163	1015.19	2115.35	180559	-3.71704e-31	24.5372	117.876	-3.71363e-31	0	0	3.28665e-35	5.4396e-33	3.27372e-35	5.36397e-33	5.20658e-33	3.24806e-35	5.28603e-33	3.26086e-35	5.12651e-33	3.23532e-35	-7.44526e-34	-5.24766e-37	5.31276e-33	3.23618e-35	-6.09956e-37	-8.65231e-34	-5.55666e-37	-7.84775e-34	-6.49542e-37	-8.86017e-34	-1.37957e-36	-3.25232e-34	-5.73169e-37	-8.14072e-34	1.17492e-32	1.02873e-33	6.4828e-32	3.95489e-34	-5.5383e-37	-7.54685e-34	-6.29337e-37	-8.82063e-34	-8.41497e-34	-5.91256e-37	-6.70954e-37	-8.65363e-34	6.43182e-32	3.9456e-34	6.46656e-32	3.95178e-34	6.4169e-32	3.94419e-34	8.38921e-32	5.98647e-34	3.94869e-34	6.44951e-32	-3.85497e-31	2.48896e-31	-1.69411e-30	-1.50571e-16	439.94	5.53523e-26	2.66158e-28	5.46912e-26	2.65121e-28	2.64089e-28	5.40048e-26	5.33012e-26	2.63061e-28	5.25887e-26	2.62039e-28	-1.63253e-26	-9.54315e-30	3.20533e-28	6.68273e-26	-6.8674e-26	-2.45782e-28	-1.04829e-28	-1.80808e-25	-9.80015e-30	-1.64175e-25	-1.88093e-25	-1.11796e-28	-1.01525e-28	-1.75617e-25	-1.15497e-28	-1.88271e-25	3.20274e-28	6.67067e-26	-1.69998e-25	-9.83316e-29	-1.8519e-25	-1.08249e-28	-1.83275e-25	-1.19421e-28	3.20031e-28	6.6576e-26	6.61708e-26	3.19444e-28	3.19548e-28	6.6291e-26	3.19789e-28	6.64369e-26	8.90218e-26	4.88042e-28	1.47383e-24	2.06966e-25	0	0.692364	0.217008	0	0	-7.36814e-29	-7.60718e-25	-6.43407e-26	0	0	-7.37697e-29	7.40531e-29	8.65674e-12	978.561	32.6187	-2.5609e-21	1	0	0	-9.99335e-31	
378432	381.783	79.8089	-5.76557e-37	9.3755e-40	49820	845.337	4.17817	49820	-5.05637e-30	-5.06448e-30	830.938	4.14125	815.433	4.10473	0.215546	0.682507	8.54047e-29	-2.82637e-16	6.07823	5.19564	4.37608	6.83966	0.0231454	0.0214519	0.0198964	0.0190952	3.19786e-31	-2.68448e-16	4.15966	838.334	8.5268e-29	-2.81695e-16	4.11445	830.34	0.024066	6.99117	4.12293	823.268	-5.06387e-33	829.295	4.11036	-2.54161e-33	0.683598	0.21589	0.0227996	5.31694	826.851	4.10262	824.324	4.09681	5.63511	0.0206587	2.74337	0.049806	4.77333	0.0191636	0.0222789	6.4979	2.60245e-31	-8.32154e-17	-2.53931e-33	1040.59	6.17905	31.6116	2.52544	-9.64365e-33	-5.93446e-18	4.27863e-32	828.125	4.10649	825.492	4.09876	116.13	24.2762	-6.33187e-17	-5.88956e-33	2285.94	182103	4.28393e-32	24.2762	116.13	2.60243e-31	-8.32154e-17	500	0.131874	0.0276496	24.2763	116.131	-5.06425e-33	0.0902447	0.431311	3.03712e-31	-9.6402e-17	0	8424.66	41.2738	8355.07	41.0913	306150	63959.2	40.9097	8281.56	8127.41	40.5497	40.7291	8205.3	53.3901	0.228217	4.06443	827.574	4.99793	275.629	2.15318	611.157	480.249	1.92386	2.32288	687.442	522.629	1.9973	702.536	2.41512	0.191699	440.373	4.0604	826.535	2.23605	653.222	566.719	2.07369	822.754	4.04897	4.05658	825.373	821.593	4.04705	4.05277	824.106	6.10376	1037.11	2261.81	181893	-2.96336e-30	24.2762	116.13	-2.96068e-30	0	0	-6.40359e-35	-8.63155e-33	-6.37717e-35	-8.50292e-33	-8.23636e-33	-6.32474e-35	-8.37077e-33	-6.35089e-35	-8.10115e-33	-6.29874e-35	1.17776e-33	8.66668e-37	-8.40581e-33	-6.30587e-35	1.0183e-36	1.37281e-33	9.28058e-37	1.24319e-33	1.08407e-36	1.40724e-33	2.30177e-36	5.17058e-34	9.5716e-37	1.29028e-33	-1.81561e-32	-1.94112e-33	-1.02553e-31	-7.70588e-34	9.24991e-37	1.1949e-33	1.05051e-36	1.40025e-33	1.33445e-33	9.87226e-37	1.11964e-36	1.37512e-33	-1.01694e-31	-7.68647e-34	-1.02279e-31	-7.6994e-34	-1.01444e-31	-7.68344e-34	-1.32758e-31	-1.16564e-33	-7.69293e-34	-1.01991e-31	2.6032e-31	-4.65104e-31	4.88624e-30	-8.32015e-17	439.94	-9.85368e-27	-4.73923e-29	-9.73597e-27	-4.72076e-29	-4.70238e-29	-9.61377e-27	-9.48849e-27	-4.68409e-29	-9.36164e-27	-4.66589e-29	2.91428e-27	1.70306e-30	-5.70744e-29	-1.18966e-26	1.22582e-26	4.38605e-29	1.87069e-29	3.22752e-26	1.74884e-30	2.9307e-26	3.3575e-26	1.99502e-29	1.81173e-29	3.13489e-26	2.06107e-29	3.36064e-26	-5.70283e-29	-1.18751e-26	3.03461e-26	1.75473e-29	3.30571e-26	1.93172e-29	3.27145e-26	2.1311e-29	-5.69851e-29	-1.18518e-26	-1.17797e-26	-5.68806e-29	-5.6899e-29	-1.18011e-26	-5.6942e-29	-1.18271e-26	-1.58502e-26	-8.69036e-29	-2.63503e-25	-3.68542e-26	0	0.683443	0.215692	0	0	4.98858e-29	1.35759e-25	1.14825e-26	0	0	4.99477e-29	-4.69225e-29	-4.6987e-29	970.706	32.3569	-2.5609e-21	1	0	0	3.715e-30	
385440	376.268	78.894	-2.11722e-36	-1.83496e-39	49820	863.192	4.51479	49820	-7.00842e-30	-7.01967e-30	848.239	4.47441	832.164	4.43448	0.214133	0.673976	-6.41113e-29	-2.20103e-16	5.87721	5.01103	4.20979	6.62985	0.0226048	0.0209338	0.0194001	0.0186112	-2.30801e-31	-9.53468e-17	4.49454	855.915	-6.40087e-29	-2.1958e-16	4.44595	847.534	0.0235135	6.78474	4.45438	840.284	-7.02186e-33	846.448	4.44146	-3.52281e-33	0.675052	0.214475	0.022669	5.18569	843.915	4.43296	841.302	4.42658	5.44185	0.0201515	2.66534	0.0486821	4.59779	0.018678	0.0217496	6.29086	-1.92099e-31	-3.60397e-17	-3.51963e-33	1062.24	6.67804	32.1785	2.71102	-1.33705e-32	-3.37581e-17	-3.13558e-32	845.234	4.43721	842.509	4.42872	114.452	23.9979	-1.89079e-17	-8.17303e-33	2443.56	183379	-3.13912e-32	23.9979	114.452	-1.92103e-31	-3.60397e-17	500	0.12997	0.0273339	23.998	114.453	-7.0227e-33	0.0892113	0.425082	-2.2323e-31	-4.24709e-17	0	8603.52	44.5945	8531.18	44.3949	301709	63234.6	44.1964	8454.87	8295.03	43.8028	43.999	8375.77	52.0608	0.226892	4.39145	844.799	4.88648	267.757	2.1018	590.868	462.524	1.87569	2.26927	666.271	503.991	1.94807	681.708	2.36033	0.186898	423.579	4.38703	843.72	2.18357	632.328	547.21	2.0234	839.802	4.37448	4.38284	842.513	838.602	4.37237	4.37866	841.201	6.59601	1058.8	2417.85	183178	-4.10738e-30	23.9979	114.452	-4.10367e-30	0	0	-1.80591e-35	-2.00785e-33	-1.79855e-35	-1.97229e-33	-1.89919e-33	-1.78393e-35	-1.93597e-33	-1.79122e-35	-1.86234e-33	-1.77668e-35	3.32725e-34	2.6866e-37	-1.94395e-33	-1.77855e-35	3.13925e-37	3.89393e-34	2.85998e-37	3.51442e-34	3.34283e-37	4.00062e-34	7.09949e-37	1.47311e-34	2.95002e-37	3.6516e-34	-4.2242e-33	-5.56978e-34	-2.37039e-32	-2.17345e-34	2.85052e-37	3.37418e-34	3.23893e-37	3.97625e-34	3.78085e-34	3.04306e-37	3.45294e-37	3.91362e-34	-2.34672e-32	-2.16807e-34	-2.36277e-32	-2.17165e-34	-2.33991e-32	-2.16724e-34	-3.08989e-32	-3.28906e-34	-2.16986e-34	-2.35486e-32	-1.92104e-31	-1.32071e-31	3.32705e-30	-3.6072e-17	439.94	6.11531e-26	2.94035e-28	6.04227e-26	2.92889e-28	2.91748e-28	5.96644e-26	5.8887e-26	2.90613e-28	5.80999e-26	2.89485e-28	-1.80251e-26	-1.05375e-29	3.54105e-28	7.38304e-26	-7.58261e-26	-2.71394e-28	-1.15753e-28	-1.99636e-25	-1.08214e-29	-1.8127e-25	-2.07681e-25	-1.23446e-28	-1.12105e-28	-1.93905e-25	-1.27533e-28	-2.07878e-25	3.53818e-28	7.36971e-26	-1.877e-25	-1.08579e-28	-2.04475e-25	-1.19529e-28	-2.02362e-25	-1.31865e-28	3.5355e-28	7.35526e-26	7.3105e-26	3.52902e-28	3.53016e-28	7.32378e-26	3.53283e-28	7.3399e-26	9.83472e-26	5.39155e-28	1.62674e-24	2.28641e-25	0	0.674874	0.214288	0	0	-3.65568e-29	-8.3998e-25	-7.10444e-26	0	0	-3.65981e-29	4.06642e-29	-8.65674e-12	962.914	32.0971	-2.5609e-21	1	0	0	3.0319e-30	
392448	370.976	77.919	2.80372e-36	9.83971e-39	49820	880.839	4.88191	49820	-2.12927e-30	-2.13269e-30	865.328	4.83767	848.682	4.79394	0.212627	0.665789	-1.43212e-28	-7.92527e-16	5.68756	4.83715	4.05347	6.4316	0.0220356	0.0203885	0.018878	0.0181023	-5.27144e-31	-2.27842e-15	4.85973	873.286	-1.42982e-28	-7.86942e-16	4.80745	864.512	0.0229315	6.58955	4.81573	857.087	-2.13728e-33	863.386	4.80252	-1.07028e-33	0.666853	0.212967	0.0225534	5.06454	860.764	4.79316	858.066	4.78613	5.25966	0.019618	2.59152	0.0474982	4.43261	0.0181674	0.0211925	6.09538	-4.33189e-31	-6.96993e-16	-1.06931e-33	1083.62	7.2222	32.7381	2.90917	-4.06766e-33	-2.75122e-17	-7.09976e-32	862.129	4.79784	859.311	4.7885	112.842	23.7013	-5.59536e-16	-2.49807e-33	2611.46	184608	-7.10822e-32	23.7013	112.842	-4.33189e-31	-6.96993e-16	500	0.128143	0.0269974	23.7015	112.843	-2.1381e-33	0.0881101	0.419104	-5.04598e-31	-8.01078e-16	0	8780.33	48.2152	8705.24	47.9966	297447	62462.4	47.7793	8626.11	8460.56	47.3482	47.563	8544.16	50.8336	0.225709	4.74799	861.814	4.76905	260.308	2.04771	571.724	445.844	1.82503	2.2128	646.264	486.435	1.89628	662.012	2.30261	0.18185	407.791	4.74313	860.694	2.1283	612.598	528.817	1.97046	856.641	4.72933	4.73852	859.444	855.401	4.727	4.73392	858.086	7.1327	1080.22	2584.07	184415	-1.24788e-30	23.7013	112.842	-1.24675e-30	0	0	2.77342e-35	5.3502e-33	2.76322e-35	5.2781e-33	5.12775e-33	2.74297e-35	5.20368e-33	2.75307e-35	5.05114e-33	2.73291e-35	-7.32216e-34	-5.0774e-37	5.23186e-33	2.73081e-35	-5.85139e-37	-8.49923e-34	-5.32945e-37	-7.71362e-34	-6.2321e-37	-8.69992e-34	-1.32385e-36	-3.19229e-34	-5.4977e-37	-7.99995e-34	1.16635e-32	9.04407e-34	6.38453e-32	3.33753e-34	-5.31188e-37	-7.41936e-34	-6.03777e-37	-8.66282e-34	-8.26777e-34	-5.67159e-37	-6.43805e-37	-8.49546e-34	6.33563e-32	3.33045e-34	6.36897e-32	3.33517e-34	6.32128e-32	3.32942e-34	8.26036e-32	5.05505e-34	3.3328e-34	6.35262e-32	-4.33263e-31	2.20423e-31	-1.10887e-30	-6.96538e-16	439.94	6.93064e-26	3.3325e-28	6.84786e-26	3.31951e-28	3.30659e-28	6.76192e-26	6.67382e-26	3.29372e-28	6.58461e-26	3.28093e-28	-2.04371e-26	-1.1947e-29	4.01331e-28	8.36741e-26	-8.59712e-26	-3.07693e-28	-1.31235e-28	-2.26348e-25	-1.22688e-29	-2.05526e-25	-2.35469e-25	-1.39957e-28	-1.27099e-28	-2.1985e-25	-1.4459e-28	-2.35691e-25	4.01007e-28	8.3523e-26	-2.12815e-25	-1.23101e-28	-2.31834e-25	-1.35516e-28	-2.29438e-25	-1.49502e-28	4.00703e-28	8.33594e-26	8.28521e-26	3.99968e-28	4.00098e-28	8.30025e-26	4.004e-28	8.31852e-26	1.11463e-25	6.11065e-28	1.84485e-24	2.59136e-25	0	0.666651	0.212792	0	0	-8.27764e-29	-9.52335e-25	-8.05474e-26	0	0	-8.28751e-29	8.40243e-29	8.41218e-29	955.185	31.8395	-2.5609e-21	1	0	0	-4.49696e-31	
399456	365.903	76.8804	1.63596e-35	4.25967e-38	49820	898.25	5.28293	49820	-1.92949e-30	-1.93259e-30	882.179	5.23439	864.962	5.1864	0.211023	0.657942	-2.8941e-28	-5.15822e-15	5.50874	4.67348	3.90659	6.24439	0.021437	0.0198155	0.0183297	0.0175681	-1.06723e-30	-6.26049e-15	5.25859	890.42	-2.88947e-28	-5.13859e-15	5.20228	881.251	0.0223195	6.40511	5.21031	873.653	-1.98016e-33	880.084	5.19685	-9.69825e-34	0.658993	0.21136	0.0224581	4.95291	877.375	5.18654	874.591	5.17877	5.08802	0.0190574	2.52172	0.0462526	4.27726	0.0176312	0.0206069	5.91092	-8.76067e-31	-1.88446e-15	-9.68915e-34	1104.69	7.81655	33.2904	3.12067	-3.74433e-33	1.37676e-16	-1.43644e-31	878.784	5.19169	875.875	5.1814	111.299	23.3854	-1.49691e-15	-2.41553e-33	2790.25	185790	-1.43816e-31	23.3854	111.299	-8.76053e-31	-1.88446e-15	500	0.126393	0.0266389	23.3855	111.3	-1.98635e-33	0.086937	0.413375	-1.02061e-30	-2.18004e-15	0	8954.83	52.1694	8876.97	51.9295	293361	61639.8	51.691	8795.02	8623.76	51.2182	51.4538	8710.22	49.7023	0.22472	5.13731	878.592	4.64549	253.265	1.99085	553.672	430.155	1.77182	2.15342	627.37	469.908	1.84187	643.399	2.24188	0.176548	392.954	5.13196	877.431	2.0702	593.979	511.488	1.91484	873.244	5.11674	5.12688	876.139	871.966	5.11416	5.1218	874.736	7.71874	1101.35	2761.08	185603	-1.13076e-30	23.3854	111.299	-1.1297e-30	0	0	1.23234e-35	1.13847e-32	1.23639e-35	1.12434e-32	1.09468e-32	1.24433e-35	1.10969e-32	1.24039e-35	1.07948e-32	1.24816e-35	-1.92091e-33	-1.29729e-36	1.11945e-32	1.21178e-35	-1.43024e-36	-2.21913e-33	-1.30019e-36	-2.01647e-33	-1.52532e-36	-2.26987e-33	-3.24459e-36	-8.32372e-34	-1.34207e-36	-2.09045e-33	2.73473e-32	8.71395e-34	1.36625e-31	1.48408e-34	-1.29591e-36	-1.94038e-33	-1.47677e-36	-2.26099e-33	-2.15955e-33	-1.3854e-36	-1.5768e-36	-2.2158e-33	1.35628e-31	1.49009e-34	1.36308e-31	1.48609e-34	1.35333e-31	1.49168e-34	1.77766e-31	2.30242e-34	1.48809e-34	1.35975e-31	-8.76223e-31	2.29318e-31	-3.72535e-30	-1.88399e-15	439.94	1.28216e-25	6.16518e-28	1.26684e-25	6.14115e-28	6.11724e-28	1.25095e-25	1.23465e-25	6.09344e-28	1.21814e-25	6.06977e-28	-3.78151e-26	-2.21053e-29	7.42469e-28	1.54796e-25	-1.59073e-25	-5.69319e-28	-2.42822e-28	-4.18815e-25	-2.27006e-29	-3.80288e-25	-4.3569e-25	-2.58959e-28	-2.35169e-28	-4.06792e-25	-2.67532e-28	-4.36102e-25	7.41869e-28	1.54517e-25	-3.93775e-25	-2.27771e-28	-4.28966e-25	-2.50742e-28	-4.24531e-25	-2.76621e-28	7.41307e-28	1.54214e-25	1.53275e-25	7.39947e-28	7.40187e-28	1.53554e-25	7.40747e-28	1.53892e-25	2.06206e-25	1.13048e-27	3.4139e-24	4.79407e-25	0	0.658767	0.211198	0	0	-1.67475e-28	-1.76209e-24	-1.49036e-25	0	0	-1.67676e-28	1.68606e-28	3.46269e-11	947.518	31.5839	-2.5609e-21	1	0	0	-2.56241e-30	
406464	361.045	75.7745	9.77833e-37	5.9742e-40	49820	915.398	5.72174	49820	5.64225e-31	5.65131e-31	898.769	5.66835	880.98	5.61559	0.209314	0.650427	1.18434e-28	-1.26483e-15	5.34022	4.51949	3.76864	6.0677	0.0208086	0.0192142	0.0177547	0.0170081	4.36977e-31	-5.12393e-15	5.69497	907.291	1.18244e-28	-1.2529e-15	5.63424	897.724	0.0216767	6.23092	5.64188	889.957	5.62135e-34	896.517	5.62824	2.83612e-34	0.651466	0.209649	0.0223896	4.8502	893.721	5.61684	890.854	5.60825	4.9264	0.0184693	2.45576	0.0449442	4.13124	0.0170692	0.0199922	5.73695	3.58612e-31	-1.55782e-15	2.83356e-34	1125.44	8.4668	33.8352	3.34638	1.07215e-33	-3.01451e-17	5.87984e-32	895.175	5.62254	892.175	5.61116	109.822	23.049	-1.28714e-15	6.47919e-34	2980.58	186925	5.88688e-32	23.049	109.822	3.58613e-31	-1.55782e-15	500	0.124716	0.0262572	23.0492	109.822	5.61819e-34	0.085688	0.407888	4.17848e-31	-1.78208e-15	0	9126.74	56.4948	9046.12	56.2312	289447	60763.9	55.969	8961.35	8784.37	55.4493	55.7083	8873.69	48.6613	0.223989	5.56311	895.109	4.51566	246.609	1.93118	536.659	415.406	1.71603	2.09106	609.535	454.357	1.7848	625.819	2.1781	0.170989	379.02	5.55721	893.908	2.00919	576.417	495.168	1.85647	889.587	5.5404	5.5516	892.573	888.272	5.53753	5.54599	891.126	8.35973	1122.14	2949.54	186746	3.30674e-31	23.049	109.822	3.30376e-31	0	0	-4.5093e-35	-6.48556e-33	-4.49048e-35	-6.39382e-33	-6.20315e-33	-4.45314e-35	-6.29937e-33	-4.47176e-35	-6.10624e-33	-4.43463e-35	8.62009e-34	6.11751e-37	-6.32797e-33	-4.44e-35	7.19182e-37	1.0028e-33	6.5539e-37	9.09254e-34	7.65673e-37	1.02711e-33	1.62581e-36	3.77091e-34	6.75961e-37	9.43303e-34	-1.38073e-32	-1.35454e-33	-7.72136e-32	-5.42568e-34	6.53222e-37	8.74292e-34	7.41946e-37	1.02242e-33	9.75188e-34	6.97213e-37	7.90816e-37	1.00326e-33	-7.65994e-32	-5.41178e-34	-7.70178e-32	-5.42103e-34	-7.64201e-32	-5.40959e-34	-9.98553e-32	-8.20755e-34	-5.4164e-34	-7.68125e-32	3.58679e-31	-3.25826e-31	2.06834e-30	-1.55636e-15	439.94	-5.13472e-26	-2.469e-28	-5.07339e-26	-2.45938e-28	-2.44981e-28	-5.00972e-26	-4.94445e-26	-2.44028e-28	-4.87835e-26	-2.4308e-28	1.51445e-26	8.85288e-30	-2.97341e-28	-6.19919e-26	6.37068e-26	2.28004e-28	9.72467e-29	1.6773e-25	9.09128e-30	1.523e-25	1.74488e-25	1.0371e-28	9.41818e-29	1.62915e-25	1.07143e-28	1.74653e-25	-2.97101e-28	-6.188e-26	1.57702e-25	9.1219e-29	1.71795e-25	1.00419e-28	1.70019e-25	1.10783e-28	-2.96876e-28	-6.17587e-26	-6.13829e-26	-2.96331e-28	-2.96427e-28	-6.14944e-26	-2.96651e-28	-6.16297e-26	-8.25806e-26	-4.5273e-28	-1.36725e-24	-1.91991e-25	0	0.651217	0.209502	0	0	6.85535e-29	7.05693e-25	5.96868e-26	0	0	6.86357e-29	-6.88841e-29	-6.8966e-29	939.913	31.3304	-2.5609e-21	1	0	0	1.21082e-30	
413472	356.397	74.5976	1.87041e-36	4.406e-39	49820	932.258	6.20278	49820	-6.09806e-31	-6.10785e-31	915.072	6.14395	896.715	6.08581	0.207496	0.643236	-1.06275e-28	-1.50208e-15	5.18149	4.37468	3.63916	5.90103	0.0201499	0.0185844	0.0171529	0.0164221	-3.91983e-31	1.2845e-15	6.17328	923.876	-1.06105e-28	-1.5026e-15	6.10767	913.91	0.0210027	6.0665	6.11478	905.976	-6.3116e-34	912.663	6.10103	-3.06504e-34	0.644264	0.207828	0.022356	4.75585	909.781	6.0884	906.831	6.07886	4.77429	0.0178536	2.39347	0.0435719	3.99403	0.016481	0.0193481	5.57296	-3.2173e-31	4.06972e-16	-3.06214e-34	1145.82	9.17951	34.3723	3.58721	-1.19004e-33	1.35334e-16	-5.27549e-32	911.279	6.09471	908.19	6.0821	108.408	22.6911	3.66499e-16	-7.79996e-34	3183.15	188015	-5.28181e-32	22.6911	108.408	-3.21724e-31	4.06972e-16	500	0.123112	0.025851	22.6912	108.408	-6.33624e-34	0.0843587	0.402638	-3.74819e-31	4.51315e-16	0	9295.82	61.2351	9212.44	60.9447	285702	59831.6	60.6559	9124.85	8942.18	60.0835	60.3687	9034.34	47.7048	0.223592	6.02967	911.342	4.37945	240.322	1.86865	520.632	401.548	1.65763	2.02567	592.711	439.732	1.72505	609.224	2.1112	0.165171	365.939	6.02313	910.101	1.94526	559.862	479.808	1.79534	905.649	6.00451	6.01691	908.724	904.296	6.00132	6.01071	907.233	9.06208	1142.59	3150.12	187843	-3.57365e-31	22.6911	108.408	-3.57027e-31	0	0	6.24023e-35	7.15811e-33	6.21236e-35	7.05337e-33	6.83621e-33	6.15709e-35	6.94572e-33	6.18465e-35	6.72605e-33	6.12971e-35	-8.75222e-34	-6.32175e-37	6.96861e-33	6.1445e-35	-7.6137e-37	-1.02097e-33	-6.94426e-37	-9.24966e-34	-8.10105e-37	-1.04624e-33	-1.71909e-36	-3.84288e-34	-7.16023e-37	-9.59871e-34	1.46721e-32	1.77602e-33	8.50254e-32	7.50792e-34	-6.92124e-37	-8.89146e-34	-7.85238e-37	-1.04121e-33	-9.92588e-34	-7.38326e-37	-8.36449e-37	-1.02219e-33	8.43336e-32	7.48673e-34	8.48047e-32	7.50084e-34	8.41324e-32	7.48326e-34	1.09755e-31	1.13466e-33	7.49378e-34	8.45734e-32	-3.21787e-31	4.23511e-31	-2.2075e-30	4.05829e-16	439.94	4.65683e-26	2.23921e-28	4.60121e-26	2.23048e-28	2.2218e-28	4.54346e-26	4.48426e-26	2.21316e-28	4.42432e-26	2.20456e-28	-1.37349e-26	-8.02892e-30	2.69667e-28	5.62223e-26	-5.77774e-26	-2.06783e-28	-8.81957e-29	-1.52119e-25	-8.24513e-30	-1.38125e-25	-1.58248e-25	-9.40571e-29	-8.5416e-29	-1.47752e-25	-9.71709e-29	-1.58398e-25	2.69449e-28	5.61207e-26	-1.43024e-25	-8.2729e-29	-1.55806e-25	-9.10726e-29	-1.54195e-25	-1.00472e-28	2.69245e-28	5.60108e-26	5.56699e-26	2.68751e-28	2.68838e-28	5.5771e-26	2.69041e-28	5.58938e-26	7.48947e-26	4.10594e-28	1.23999e-24	1.74122e-25	0	0.643992	0.207696	0	0	-6.15074e-29	-6.40012e-25	-5.41316e-26	0	0	-6.15811e-29	6.18647e-29	1.73135e-11	932.368	31.0789	-2.5609e-21	1	0	0	-1.19714e-30	
420480	351.954	73.3459	-1.47412e-36	-1.69936e-39	49820	948.809	6.73116	49820	1.16079e-30	1.16265e-30	931.068	6.66617	912.145	6.60196	0.205563	0.636363	1.58821e-28	3.31824e-15	5.03205	4.23857	3.51766	5.74388	0.0194607	0.0179259	0.0165241	0.0158104	5.85547e-31	-4.19697e-15	6.69857	940.152	1.58566e-28	3.32224e-15	6.62757	929.787	0.0202973	5.91138	6.63395	921.689	1.21053e-33	928.501	6.6202	5.83436e-34	0.63738	0.205891	0.0223672	4.66933	925.534	6.60616	922.502	6.59553	4.63119	0.01721	2.33466	0.0421352	3.86518	0.0158668	0.0186744	5.41845	4.80704e-31	-1.31087e-15	5.8288e-34	1165.82	9.9622	34.9017	3.84408	2.27699e-33	-3.17068e-16	7.88215e-32	927.076	6.61317	923.898	6.59916	107.056	22.3103	-1.17938e-15	1.51451e-33	3398.65	189061	7.89158e-32	22.3103	107.056	4.80691e-31	-1.31087e-15	500	0.121578	0.025419	22.3105	107.057	1.2162e-33	0.082945	0.39762	5.5997e-31	-1.45944e-15	0	9461.84	66.4404	9375.71	66.1196	282122	58840	65.8007	9285.31	9096.98	65.1688	65.4836	9191.97	46.8274	0.223626	6.54185	927.269	4.23681	234.387	1.80326	505.542	388.532	1.59663	1.95724	576.847	425.985	1.6626	593.566	2.04117	0.159094	353.664	6.5346	925.989	1.87836	544.262	465.356	1.73143	921.407	6.51392	6.5277	924.571	920.017	6.51035	6.5208	923.036	9.83315	1162.65	3363.51	188896	6.8025e-31	22.3103	107.056	6.79603e-31	0	0	-1.21604e-34	-1.20581e-32	-1.21037e-34	-1.18781e-32	-1.15052e-32	-1.19914e-34	-1.16932e-32	-1.20474e-34	-1.13163e-32	-1.19357e-34	1.39821e-33	1.01895e-36	-1.17229e-32	-1.19734e-34	1.25267e-36	1.63401e-33	1.14317e-36	1.47961e-33	1.33233e-36	1.67499e-33	2.8261e-36	6.15401e-34	1.17851e-36	1.53571e-33	-2.41722e-32	-3.33917e-33	-1.43028e-31	-1.46293e-33	1.13937e-36	1.42205e-33	1.29169e-36	1.66668e-33	1.58833e-33	1.21499e-36	1.37537e-36	1.63672e-33	-1.4185e-31	-1.45855e-33	-1.42652e-31	-1.46147e-33	-1.41508e-31	-1.45782e-33	-1.84429e-31	-2.20991e-33	-1.46001e-33	-1.42258e-31	4.80787e-31	-7.92264e-31	3.60979e-30	-1.30749e-15	439.94	-7.08093e-26	-3.40483e-28	-6.99635e-26	-3.39156e-28	-3.37835e-28	-6.90855e-26	-6.81854e-26	-3.36521e-28	-6.72739e-26	-3.35214e-28	2.08846e-26	1.22084e-29	-4.10042e-28	-8.54887e-26	8.78534e-26	3.14424e-28	1.34106e-28	2.31304e-25	1.25371e-29	2.10026e-25	2.40624e-25	1.43018e-28	1.29879e-28	2.24664e-25	1.47753e-28	2.40852e-25	-4.0971e-28	-8.53343e-26	2.17475e-25	1.25793e-28	2.3691e-25	1.3848e-28	2.34461e-25	1.52773e-28	-4.094e-28	-8.51671e-26	-8.46488e-26	-4.08649e-28	-4.08781e-28	-8.48025e-26	-4.0909e-28	-8.49891e-26	-1.13881e-25	-6.24328e-28	-1.88547e-24	-2.64761e-25	0	0.637086	0.205775	0	0	9.18985e-29	9.7317e-25	8.23097e-26	0	0	9.20085e-29	1.08208e-11	-1.73135e-11	924.884	30.8295	-2.5609e-21	1	0	0	1.82855e-30	
427488	347.711	72.0154	3.81397e-36	5.07917e-40	49820	965.027	7.31283	49820	-5.62121e-31	-5.63024e-31	946.735	7.24084	927.251	7.16974	0.203508	0.629799	2.65494e-29	-1.18359e-14	4.89141	4.11068	3.4037	5.59579	0.0187411	0.0172388	0.0158686	0.0151729	9.87781e-32	-1.2818e-14	7.27673	956.098	2.65069e-29	-1.17949e-14	7.1997	945.335	0.0195605	5.76511	7.20516	937.076	-6.87863e-34	944.01	7.19149	-2.82455e-34	0.630805	0.203833	0.0224351	4.5901	940.96	7.17584	937.848	7.16396	4.49663	0.0165388	2.27918	0.0406338	3.74421	0.0152267	0.0179713	5.27294	8.078e-32	-3.82288e-15	-2.82131e-34	1185.4	10.8235	35.4233	4.11801	-1.23636e-33	5.54342e-16	1.32281e-32	942.545	7.18365	939.28	7.16804	105.766	21.9056	-2.92809e-15	-1.07204e-33	3627.81	190064	1.32441e-32	21.9056	105.766	8.08151e-32	-3.82288e-15	500	0.120114	0.0249598	21.9058	105.766	-7.0237e-34	0.0814422	0.392828	9.44247e-32	-4.46653e-15	0	9624.56	72.1684	9535.7	71.8133	278702	57785.8	71.4602	9442.52	9248.57	70.7607	71.1092	9346.37	46.0237	0.224207	7.1053	942.87	4.0877	228.787	1.73501	491.341	376.311	1.53303	1.88576	561.896	413.067	1.59747	578.8	1.96798	0.152761	342.15	7.09723	941.552	1.80851	529.57	451.766	1.66475	936.842	7.07418	7.08953	940.093	935.416	7.07018	7.08185	938.515	10.6814	1182.3	3590.46	189906	-3.29324e-31	21.9056	105.766	-3.28947e-31	0	0	1.24854e-34	5.24812e-33	1.24196e-34	5.15108e-33	4.95286e-33	1.22892e-34	5.0524e-33	1.23542e-34	4.85351e-33	1.22248e-34	-2.06704e-34	-2.12595e-37	5.01926e-33	1.22933e-34	-3.78017e-37	-2.58391e-34	-3.48323e-37	-2.29481e-34	-3.99291e-37	-2.68011e-34	-8.40856e-37	-9.94817e-35	-3.57968e-37	-2.39768e-34	7.55431e-33	3.02508e-33	6.12116e-32	1.50175e-33	-3.47131e-37	-2.19055e-34	-3.88467e-37	-2.65153e-34	-2.49594e-34	-3.67862e-37	-4.10713e-37	-2.63297e-34	6.06255e-32	1.49644e-33	6.10233e-32	1.49997e-33	6.04596e-32	1.4955e-33	7.78619e-32	2.26441e-33	1.4982e-33	6.08274e-32	8.08111e-32	7.01963e-31	-1.15347e-30	-3.82428e-15	439.94	-8.18545e-27	-3.93596e-29	-8.08768e-27	-3.92062e-29	-3.90535e-29	-7.98618e-27	-7.88212e-27	-3.89016e-29	-7.77676e-27	-3.87505e-29	2.41444e-27	1.41137e-30	-4.74005e-29	-9.88236e-27	1.01565e-26	3.63496e-29	1.55036e-29	2.67407e-26	1.44938e-30	2.42808e-26	2.78181e-26	1.65339e-29	1.50149e-29	2.5973e-26	1.70813e-29	2.78444e-26	-4.73622e-29	-9.86452e-27	2.51419e-26	1.45426e-29	2.73887e-26	1.60093e-29	2.71056e-26	1.76616e-29	-4.73264e-29	-9.84519e-27	-9.78527e-27	-4.72395e-29	-4.72548e-29	-9.80304e-27	-4.72906e-29	-9.82462e-27	-1.31645e-26	-7.2172e-29	-2.17986e-25	-3.06062e-26	0	0.630489	0.203733	0	0	1.54228e-29	1.12505e-25	9.51559e-27	0	0	1.54416e-29	1.08208e-11	6.05971e-11	917.46	30.582	-2.5609e-21	1	0	0	-2.04473e-32	
434496	343.662	70.6021	-9.84639e-38	-5.81023e-41	49820	980.895	7.95464	49820	-2.18526e-31	-2.18877e-31	962.057	7.87467	942.017	7.79572	0.201325	0.623535	-9.07977e-29	1.96077e-16	4.75912	3.99056	3.29685	5.4563	0.0179913	0.0165236	0.0151868	0.0145104	-3.35187e-31	2.00637e-15	7.91453	971.694	-9.06523e-29	1.9067e-16	7.83075	960.536	0.0187924	5.62724	7.83505	952.119	-2.18441e-34	959.174	7.82158	-1.09843e-34	0.624531	0.201646	0.0225747	4.51766	956.042	7.80407	952.852	7.79076	4.37014	0.0158404	2.22686	0.0390682	3.63069	0.0145613	0.017239	5.13597	-2.74992e-31	6.35612e-16	-1.09744e-34	1204.55	11.7736	35.9369	4.41004	-4.16219e-34	2.23785e-16	-4.50929e-32	957.669	7.81282	954.318	7.79535	104.534	21.4757	6.40588e-16	-2.53605e-34	3871.4	191025	-4.5147e-32	21.4757	104.534	-2.74992e-31	6.35612e-16	500	0.118716	0.024472	21.4759	104.535	-2.18412e-34	0.0798459	0.388255	-3.20431e-31	6.8379e-16	0	9783.81	78.4864	9692.23	78.0921	275439	56665.9	77.7001	9596.3	9396.78	76.9237	77.3104	9497.36	45.2888	0.22548	7.72655	958.128	3.93216	223.505	1.66393	477.981	364.843	1.46689	1.81126	547.812	400.934	1.5297	564.881	1.89167	0.146175	331.354	7.71754	956.772	1.73575	515.739	438.992	1.59534	951.936	7.69177	7.70893	955.273	950.475	7.68727	7.70034	953.653	11.6168	1201.52	3831.69	190874	-1.2807e-31	21.4757	104.534	-1.27955e-31	0	0	3.64471e-35	4.56723e-33	3.62862e-35	4.50156e-33	4.36523e-33	3.5967e-35	4.434e-33	3.61262e-35	4.296e-33	3.58089e-35	-5.93722e-34	-4.23302e-37	4.45222e-33	3.58842e-35	-5.04312e-37	-6.91312e-34	-4.59713e-37	-6.26644e-34	-5.368e-37	-7.08195e-34	-1.13958e-36	-2.60049e-34	-4.74097e-37	-6.50172e-34	9.61611e-33	1.05049e-33	5.43243e-32	4.38474e-34	-4.58188e-37	-6.02491e-34	-5.20221e-37	-7.04899e-34	-6.72213e-34	-4.88956e-37	-5.54366e-37	-6.91811e-34	5.38875e-32	4.37256e-34	5.4185e-32	4.38067e-34	5.37603e-32	4.37058e-34	7.02229e-32	6.62967e-34	4.37661e-34	5.4039e-32	-2.75045e-31	2.51344e-31	-1.51865e-30	6.32657e-16	439.94	3.8323e-26	1.84274e-28	3.78652e-26	1.83556e-28	1.82841e-28	3.739e-26	3.69029e-26	1.8213e-28	3.64096e-26	1.81422e-28	-1.13031e-26	-6.60734e-30	2.2192e-28	4.62676e-26	-4.75475e-26	-1.70171e-28	-7.258e-29	-1.25185e-25	-6.78527e-30	-1.13669e-25	-1.30229e-25	-7.74036e-29	-7.02925e-29	-1.21592e-25	-7.99661e-29	-1.30352e-25	2.21741e-28	4.61841e-26	-1.17701e-25	-6.80812e-29	-1.28219e-25	-7.49475e-29	-1.26894e-25	-8.26827e-29	2.21573e-28	4.60936e-26	4.58131e-26	2.21166e-28	2.21238e-28	4.58963e-26	2.21405e-28	4.59973e-26	6.1634e-26	3.37895e-28	1.02044e-24	1.43292e-25	0	0.624193	0.201564	0	0	-5.25742e-29	-5.26694e-25	-4.45472e-26	0	0	-5.26373e-29	5.27022e-29	5.27652e-29	910.096	30.3365	-2.5609e-21	1	0	0	-8.92742e-31	
441504	339.802	69.1019	-1.38762e-39	-1.29008e-42	49820	996.393	8.66461	49820	-5.84906e-33	-5.85845e-33	977.015	8.57551	956.426	8.48755	0.199007	0.617563	-3.48062e-31	2.92982e-16	4.63472	3.87778	3.19669	5.32495	0.0172119	0.0157809	0.0144795	0.0138237	-1.28073e-33	1.40552e-16	8.61992	986.925	-3.47505e-31	2.92254e-16	8.5285	975.376	0.0179937	5.49735	8.53136	966.803	-5.85965e-36	973.977	8.51821	-2.94006e-36	0.61855	0.199325	0.0228045	4.45153	970.765	8.49856	967.498	8.48358	4.25129	0.0151156	2.17754	0.0374394	3.52418	0.0138714	0.0164781	5.00708	-1.05268e-33	5.42971e-17	-2.9374e-36	1223.25	12.8242	36.4426	4.72127	-1.1158e-35	5.55689e-17	-1.72513e-34	972.432	8.50838	968.999	8.48876	103.36	21.0194	2.82858e-17	-6.81779e-36	4130.17	191946	-1.72719e-34	21.0194	103.36	-1.05268e-33	5.42971e-17	500	0.117384	0.0239543	21.0196	103.361	-5.86029e-36	0.0781516	0.383895	-1.22618e-33	6.45923e-17	0	9939.39	85.4725	9845.14	85.0333	272327	55477.1	84.5968	9746.47	9541.45	83.7323	84.1629	9644.78	44.6176	0.227622	8.41318	973.027	3.77029	218.526	1.5901	465.417	354.082	1.39829	1.73379	534.549	389.54	1.45938	551.767	1.81229	0.139346	321.234	8.40308	971.634	1.66011	502.723	426.987	1.52327	966.674	8.37417	8.39343	970.095	965.179	8.36909	8.38379	968.434	12.6506	1220.29	4088	191801	-3.42793e-33	21.0194	103.36	-3.42484e-33	0	0	1.99735e-37	2.0094e-35	1.98798e-37	1.97984e-35	1.91861e-35	1.9694e-37	1.94948e-35	1.97866e-37	1.88756e-35	1.9602e-37	-2.29831e-36	-1.65466e-39	1.9546e-35	1.96651e-37	-2.03786e-39	-2.68467e-36	-1.85973e-39	-2.43182e-36	-2.16743e-39	-2.75137e-36	-4.59746e-39	-1.01064e-36	-1.91722e-39	-2.52374e-36	4.03567e-35	5.45703e-36	2.38486e-34	2.4027e-36	-1.85354e-39	-2.33749e-36	-2.10133e-39	-2.73802e-36	-2.60991e-36	-1.97657e-39	-2.23744e-39	-2.6882e-36	2.3655e-34	2.39544e-36	2.37868e-34	2.40028e-36	2.35987e-34	2.39422e-36	3.07391e-34	3.62949e-36	2.39785e-36	2.37221e-34	-1.05286e-33	1.29562e-33	-4.53731e-33	5.43655e-17	439.94	1.71186e-28	8.23138e-31	1.69141e-28	8.1993e-31	8.16737e-31	1.67018e-28	1.64842e-28	8.1356e-31	1.62639e-28	8.104e-31	-5.04899e-29	-2.95145e-32	9.91301e-31	2.06674e-28	-2.12391e-28	-7.60139e-31	-3.24209e-31	-5.59193e-28	-3.03093e-32	-5.07752e-28	-5.81724e-28	-3.45756e-31	-3.13991e-31	-5.4314e-28	-3.57202e-31	-5.82274e-28	9.905e-31	2.06301e-28	-5.2576e-28	-3.04114e-31	-5.72745e-28	-3.34785e-31	-5.66824e-28	-3.69337e-31	9.8975e-31	2.05897e-28	2.04644e-28	9.87934e-31	9.88254e-31	2.05015e-28	9.89001e-31	2.05467e-28	2.75314e-28	1.50935e-30	4.55824e-27	6.40077e-28	0	0.61819	0.199261	0	0	-2.01134e-31	-2.3527e-27	-1.98989e-28	0	0	-2.01373e-31	2.04562e-31	2.04798e-31	902.791	30.093	-2.5609e-21	1	0	0	-1.59267e-33	
448512	336.124	67.5111	8.3243e-41	8.20528e-44	49820	1011.51	9.45216	49820	3.17957e-34	3.18468e-34	991.597	9.35253	970.467	9.2542	0.19655	0.611874	4.90147e-33	-2.37503e-16	4.51779	3.77192	3.10283	5.20131	0.016404	0.0150118	0.0137479	0.013114	1.78352e-35	-3.27541e-16	9.40218	1001.78	4.89362e-33	-2.36527e-16	9.30205	989.84	0.0171653	5.37501	9.30317	981.114	3.18329e-37	988.405	9.29047	1.59823e-37	0.612851	0.196864	0.0231471	4.39125	985.114	9.26831	981.772	9.25137	4.13965	0.0143654	2.13107	0.0357493	3.42429	0.0131582	0.0156898	4.88583	1.47536e-35	-9.62539e-17	1.59679e-37	1241.47	13.989	36.9402	5.05286	6.06282e-37	1.86894e-17	2.41284e-36	986.822	9.27938	983.307	9.25727	102.241	20.5355	-7.95567e-17	3.69987e-37	4404.91	192827	2.41563e-36	20.5355	102.241	1.47538e-35	-9.62539e-17	500	0.116115	0.0234052	20.5357	102.242	3.1834e-37	0.0763549	0.379741	1.71648e-35	-1.11061e-16	0	10091.1	93.2185	9994.25	92.7277	269361	54216.2	92.2399	9892.9	9682.46	91.274	91.755	9788.49	44.0057	0.230854	9.17409	987.551	3.60224	213.834	1.5136	453.607	343.99	1.32733	1.65345	522.065	378.846	1.3866	539.415	1.72992	0.132285	311.749	9.16272	986.122	1.58172	490.479	415.71	1.44865	981.042	9.13015	9.15184	984.545	979.513	9.12438	9.14098	982.844	13.7963	1238.59	4360.14	192688	1.86344e-34	20.5355	102.241	1.86176e-34	0	0	-2.47552e-38	-2.49074e-36	-2.46387e-38	-2.45389e-36	-2.37756e-36	-2.44076e-38	-2.41604e-36	-2.45228e-38	-2.33886e-36	-2.42932e-38	2.95115e-37	2.12923e-40	-2.42295e-36	-2.43718e-38	2.61376e-40	3.44575e-37	2.38473e-40	3.12111e-37	2.78039e-40	3.53148e-37	5.89863e-40	1.29726e-37	2.45864e-40	3.23911e-37	-5.04839e-36	-6.75858e-37	-2.95626e-35	-2.97775e-37	2.37679e-40	3.00003e-37	2.69538e-40	3.51428e-37	3.34975e-37	2.53494e-40	2.87044e-40	3.45049e-37	-2.93208e-35	-2.96871e-37	-2.94854e-35	-2.97473e-37	-2.92506e-35	-2.96719e-37	-3.81364e-35	-4.49868e-37	-2.97172e-37	-2.94046e-35	1.4755e-35	-1.60441e-34	7.26912e-34	-9.62145e-17	439.94	-3.5739e-30	-1.71849e-32	-3.53121e-30	-1.71179e-32	-1.70512e-32	-3.48689e-30	-3.44146e-30	-1.69849e-32	-3.39546e-30	-1.69189e-32	1.05408e-30	6.16176e-34	-2.06957e-32	-4.31479e-30	4.4341e-30	1.58695e-32	6.76855e-33	1.16743e-29	6.32769e-34	1.06004e-29	1.21447e-29	7.21838e-33	6.55522e-33	1.13392e-29	7.45734e-33	1.21562e-29	-2.06789e-32	-4.307e-30	1.09763e-29	6.34901e-33	1.19572e-29	6.98933e-33	1.18336e-29	7.71068e-33	-2.06633e-32	-4.29856e-30	-4.2724e-30	-2.06254e-32	-2.0632e-32	-4.28016e-30	-2.06476e-32	-4.28958e-30	-5.74781e-30	-3.15111e-32	-9.51622e-29	-1.3363e-29	0	0.612471	0.196819	0	0	2.81309e-33	4.91175e-29	4.15431e-30	0	0	2.81636e-33	-2.99944e-33	-3.00253e-33	895.544	29.8515	-2.5609e-21	1	0	0	3.62097e-34	
455520	332.623	65.8258	-3.38802e-40	-2.9708e-43	49820	1026.22	10.3284	49820	-1.48504e-33	-1.48742e-33	1005.79	10.2165	984.128	10.1062	0.193946	0.606457	1.05057e-31	-2.86648e-16	4.40789	3.67258	3.01489	5.08497	0.015569	0.0142179	0.0129936	0.0123829	3.89285e-34	-3.24567e-16	10.2723	1016.23	1.04888e-31	-2.8559e-16	10.1621	1003.92	0.0163087	5.25983	10.1611	995.04	-1.48763e-36	1002.45	10.149	-7.46461e-37	0.607426	0.194256	0.0236311	4.33637	999.079	10.1239	995.664	10.1047	4.03481	0.0135914	2.08729	0.0340005	3.33063	0.0124233	0.0148756	4.77182	3.18691e-34	-9.86033e-17	-7.45787e-37	1259.21	15.284	37.4298	5.40599	-2.8328e-36	2.21026e-18	5.22946e-35	1000.83	10.1364	997.231	10.1114	101.176	20.0229	-7.83081e-17	-1.73093e-36	4696.4	193670	5.23579e-35	20.0229	101.176	3.1869e-34	-9.86033e-17	500	0.114906	0.0228236	20.0231	101.177	-1.48778e-36	0.0744513	0.375787	3.71501e-34	-1.13854e-16	0	10239	101.832	10139.5	101.282	266538	52880.1	100.734	10035.4	9819.67	99.6514	100.191	9928.37	43.4486	0.235451	10.0197	1001.69	3.42828	209.414	1.43459	442.507	334.526	1.25418	1.57037	510.317	368.81	1.31152	527.784	1.64469	0.125008	302.862	10.0068	1000.23	1.5007	478.964	405.12	1.37162	995.029	9.96998	9.99453	998.611	993.467	9.9634	9.98224	996.871	15.0696	1256.41	4648.92	193538	-8.70328e-34	20.0229	101.177	-8.69543e-34	0	0	3.32249e-38	1.66457e-36	3.30493e-38	1.63669e-36	1.57947e-36	3.27012e-38	1.60824e-36	3.28747e-38	1.55067e-36	3.25291e-38	-8.36817e-38	-6.93163e-41	1.60164e-36	3.27088e-38	-1.14864e-40	-1.01512e-37	-1.05644e-40	-9.10919e-38	-1.21491e-40	-1.04617e-37	-2.56204e-40	-3.86106e-38	-1.08635e-40	-9.48414e-38	2.63262e-36	8.04899e-37	1.95378e-35	3.99569e-37	-1.05283e-40	-8.72657e-38	-1.18118e-40	-1.03828e-37	-9.83879e-38	-1.11707e-40	-1.25053e-40	-1.02471e-37	1.93664e-35	3.9815e-37	1.94829e-35	3.99095e-37	1.93175e-35	3.979e-37	2.48879e-35	6.02575e-37	3.98622e-37	1.94256e-35	3.1876e-34	1.87433e-34	1.01243e-34	-9.8567e-17	439.94	-3.5872e-29	-1.72489e-31	-3.54436e-29	-1.71816e-31	-1.71148e-31	-3.49987e-29	-3.45427e-29	-1.70482e-31	-3.4081e-29	-1.69819e-31	1.05802e-29	6.18479e-33	-2.07727e-31	-4.33086e-29	4.45068e-29	1.59288e-31	6.79384e-32	1.1718e-28	6.35134e-33	1.064e-28	1.21901e-28	7.24535e-32	6.57972e-32	1.13816e-28	7.48522e-32	1.22016e-28	-2.0756e-31	-4.32304e-29	1.10174e-28	6.37274e-32	1.2002e-28	7.01545e-32	1.18779e-28	7.7395e-32	-2.07402e-31	-4.31457e-29	-4.28831e-29	-2.07022e-31	-2.07089e-31	-4.2961e-29	-2.07245e-31	-4.30555e-29	-5.76922e-29	-3.16285e-31	-9.55189e-28	-1.34128e-28	0	0.607026	0.194231	0	0	6.0971e-32	4.93011e-28	4.16983e-29	0	0	6.10449e-32	-6.01007e-32	-6.01753e-32	888.356	29.6119	-2.5609e-21	1	0	0	4.25659e-34	
462528	329.293	64.0423	3.9346e-41	4.98449e-44	49820	1040.53	11.3063	49820	1.02505e-34	1.0267e-34	1019.58	11.1803	997.398	11.056	0.191191	0.601305	-7.24288e-33	-1.21283e-16	4.30465	3.57938	2.93252	4.97554	0.0147088	0.0134011	0.0122187	0.0116328	-2.68386e-35	-4.15955e-17	11.2431	1030.29	-7.23129e-33	-1.21022e-16	11.1213	1017.6	0.0154257	5.15142	11.1179	1008.57	1.02445e-37	1016.09	11.1064	5.15249e-38	0.602266	0.191497	0.0242919	4.28649	1012.65	11.0778	1009.16	11.0559	3.93638	0.0127957	2.04607	0.0321969	3.24282	0.0116689	0.0140374	4.66463	-2.19714e-35	-1.74412e-17	5.14784e-38	1276.45	16.7285	37.9112	5.78194	1.9522e-37	-2.26216e-17	-3.60538e-36	1014.43	11.0921	1010.76	11.0636	100.163	19.4804	-6.45952e-18	1.18676e-37	5005.43	194477	-3.60974e-36	19.4804	100.163	-2.19713e-35	-1.74412e-17	500	0.113757	0.022208	19.4807	100.164	1.02428e-37	0.072437	0.372026	-2.56119e-35	-2.10383e-17	0	10382.7	111.442	10280.6	110.821	263853	51466	110.205	10174	9953.01	108.986	109.593	10064.3	42.942	0.241754	10.9623	1015.43	3.24877	205.251	1.35327	432.079	325.653	1.17903	1.48475	499.265	359.394	1.23435	516.838	1.5568	0.117536	294.538	10.9477	1013.93	1.41724	468.139	395.176	1.29239	1008.62	10.9058	10.9337	1012.28	1007.03	10.8982	10.9197	1010.5	16.489	1273.73	4955.11	194350	6.00748e-35	19.4804	100.164	6.00208e-35	0	0	-7.09187e-39	-5.23182e-37	-7.05594e-39	-5.15032e-37	-4.9821e-37	-6.98474e-39	-5.06682e-37	-7.02023e-39	-4.89706e-37	-6.94951e-39	5.22153e-38	3.86454e-41	-5.07055e-37	-6.98088e-39	5.0639e-41	6.13438e-38	4.62794e-41	5.54688e-38	5.38029e-41	6.29366e-38	1.14e-40	2.31406e-38	4.76878e-41	5.75998e-38	-9.91517e-37	-1.81165e-37	-6.18604e-36	-8.52835e-38	4.61239e-41	5.32848e-38	5.21895e-41	6.25978e-38	5.96014e-38	4.91402e-41	5.55108e-41	6.15228e-38	-6.13376e-36	-8.49971e-38	-6.16933e-36	-8.51879e-38	-6.11868e-36	-8.49475e-38	-7.95392e-36	-1.28739e-37	-8.50924e-38	-6.15185e-36	-2.19761e-35	-4.25855e-35	1.30522e-34	-1.7483e-17	439.94	2.4693e-30	1.18735e-32	2.43981e-30	1.18272e-32	1.17812e-32	2.40919e-30	2.3778e-30	1.17354e-32	2.34602e-30	1.16898e-32	-7.2831e-31	-4.25741e-34	1.42992e-32	2.98121e-30	-3.06371e-30	-1.09649e-32	-4.67667e-33	-8.06628e-30	-4.37206e-34	-7.32424e-30	-8.39128e-30	-4.98747e-33	-4.52927e-33	-7.83471e-30	-5.15258e-33	-8.39921e-30	1.42877e-32	2.97583e-30	-7.584e-30	-4.38679e-33	-8.26176e-30	-4.82921e-33	-8.17635e-30	-5.32763e-33	1.42769e-32	2.97e-30	2.95192e-30	1.42507e-32	1.42553e-32	2.95728e-30	1.42661e-32	2.96379e-30	3.97133e-30	2.1772e-32	6.57524e-29	9.23292e-30	0	0.601846	0.191493	0	0	-4.20357e-33	-3.39373e-29	-2.87038e-30	0	0	-4.20866e-33	4.14349e-33	4.14864e-33	881.225	29.3742	-2.5609e-21	1	0	0	4.49646e-35	
469536	326.128	62.1576	5.96134e-42	1.00542e-44	49820	1054.42	12.4017	49820	2.93384e-35	2.93855e-35	1032.97	12.259	1010.27	12.1183	0.18828	0.596407	1.03238e-33	1.54054e-16	4.20768	3.49196	2.85537	4.87263	0.0138261	0.0125641	0.0114259	0.0108664	3.7887e-36	9.64498e-17	12.3301	1043.93	1.03073e-33	1.53655e-16	12.1946	1030.87	0.0145188	5.04942	12.1883	1021.7	2.95049e-38	1029.33	12.1776	1.4747e-38	0.59736	0.18858	0.0251742	4.24122	1025.82	12.1449	1022.26	12.1197	3.84399	0.0119809	2.00726	0.0303433	3.16051	0.0108976	0.0131777	4.56389	3.11873e-36	1.85578e-17	1.47336e-38	1293.19	18.3449	38.3845	6.18198	5.61159e-38	-5.74251e-17	5.10878e-37	1027.64	12.1612	1023.89	12.1286	99.2005	18.9071	2.573e-17	3.45871e-38	5332.75	195248	5.11482e-37	18.9071	99.2005	3.11872e-36	1.85578e-17	500	0.112664	0.0215575	18.9074	99.201	2.95212e-38	0.0703083	0.36845	3.63158e-36	2.12739e-17	0	10522.3	122.198	10417.7	121.497	261299	49971.3	120.799	10308.5	10082.4	119.42	120.107	10196.3	42.4821	0.250196	12.0165	1028.77	3.06418	201.333	1.26987	422.283	317.337	1.10216	1.39682	488.872	350.562	1.15533	506.538	1.46648	0.109895	286.741	11.9998	1027.24	1.33161	457.964	385.843	1.2112	1021.82	11.9519	11.9838	1025.55	1020.19	11.9432	11.9678	1023.74	18.0766	1290.54	5279.47	195127	1.71941e-35	18.9071	99.2006	1.71785e-35	0	0	1.84356e-39	1.33706e-37	1.83389e-39	1.31604e-37	1.27266e-37	1.81474e-39	1.29451e-37	1.82428e-39	1.25073e-37	1.80527e-39	-1.50185e-38	-1.09981e-41	1.29654e-37	1.81394e-39	-1.42932e-41	-1.76011e-38	-1.30504e-41	-1.59201e-38	-1.5196e-41	-1.80557e-38	-3.22192e-41	-6.63826e-39	-1.34517e-41	-1.65299e-38	2.61906e-37	4.61638e-38	1.58171e-36	2.21591e-38	-1.30063e-41	-1.52952e-38	-1.47355e-41	-1.79595e-38	-1.71026e-38	-1.38658e-41	-1.56835e-41	-1.76493e-38	1.56817e-36	2.20811e-38	1.57738e-36	2.21331e-38	1.56426e-36	2.20674e-38	2.03895e-36	3.34599e-38	2.2107e-38	1.57286e-36	3.1192e-36	1.08395e-35	-5.62957e-35	1.85422e-17	439.94	-5.64965e-31	-2.71661e-33	-5.58217e-31	-2.70602e-33	-2.69548e-33	-5.51211e-31	-5.44029e-31	-2.685e-33	-5.36757e-31	-2.67457e-33	1.66634e-31	9.74077e-35	-3.27159e-33	-6.82087e-31	7.00963e-31	2.50872e-33	1.07e-33	1.84553e-30	1.00031e-34	1.67575e-30	1.91989e-30	1.14111e-33	1.03628e-33	1.79255e-30	1.17889e-33	1.9217e-30	-3.26895e-33	-6.80855e-31	1.73519e-30	1.00368e-33	1.89025e-30	1.1049e-33	1.87071e-30	1.21894e-33	-3.26648e-33	-6.79521e-31	-6.75385e-31	-3.26048e-33	-3.26154e-33	-6.76612e-31	-3.264e-33	-6.78101e-31	-9.08621e-31	-4.98132e-33	-1.50439e-29	-2.11245e-30	0	0.596921	0.188598	0	0	5.95632e-34	7.7647e-30	6.5673e-31	0	0	5.96337e-34	-6.12826e-34	-6.13516e-34	874.152	29.1384	-2.5609e-21	1	0	0	-3.4471e-35	
476544	323.12	60.1688	-7.53556e-43	3.12505e-45	49820	1067.89	13.6332	49820	-1.68655e-35	-1.68926e-35	1045.94	13.4707	1022.74	13.3107	0.185207	0.591754	-4.54867e-35	1.15729e-16	4.11662	3.40998	2.78312	4.77587	0.012924	0.0117101	0.0106183	0.010087	-1.53886e-37	5.90678e-17	13.5517	1057.15	-4.54141e-35	1.15408e-16	13.3999	1043.73	0.0135913	4.95348	13.3903	1034.42	-1.69168e-38	1042.16	13.3803	-8.47751e-39	0.5927	0.185503	0.0263346	4.20017	1038.58	13.3428	1034.96	13.3137	3.75729	0.0111504	1.97074	0.028446	3.08338	0.0101128	0.0123	4.46924	-1.32806e-37	3.00016e-17	-8.46983e-39	1309.4	20.1603	38.8497	6.60746	-3.22009e-38	6.18497e-17	-2.14357e-38	1040.44	13.3615	1036.62	13.324	98.2858	18.3022	1.14822e-17	-1.97326e-38	5679.09	195984	-2.14561e-38	18.3022	98.2858	-1.3281e-37	3.00016e-17	500	0.111626	0.0208711	18.3025	98.2862	-1.69211e-38	0.0680621	0.365054	-1.53269e-37	3.49027e-17	0	10657.6	134.285	10550.6	133.486	258874	48393.7	132.694	10438.9	10207.7	131.126	131.906	10324.1	42.065	0.261321	13.1996	1041.7	2.87511	197.645	1.18473	413.085	309.542	1.02387	1.3069	479.1	342.279	1.0748	496.848	1.37404	0.10212	279.44	13.1805	1040.14	1.2441	448.403	377.083	1.12837	1034.61	13.1255	13.1621	1038.42	1032.95	13.1153	13.1438	1036.56	19.8586	1306.84	5622.73	195869	-9.88425e-36	18.3022	98.2858	-9.87532e-36	0	0	-5.79713e-40	-3.55938e-38	-5.76351e-40	-3.50279e-38	-3.38604e-38	-5.69696e-40	-3.44483e-38	-5.73012e-40	-3.32705e-38	-5.6641e-40	4.27984e-39	3.01848e-42	-3.45186e-38	-5.69799e-40	4.07716e-42	5.0096e-39	3.72048e-42	4.53201e-39	4.3363e-42	5.13856e-39	9.1972e-42	1.88913e-39	3.83564e-42	4.70527e-39	-7.13715e-38	-1.34015e-38	-4.21099e-37	-6.9595e-39	3.70763e-42	4.35445e-39	4.20412e-42	5.11139e-39	4.86799e-39	3.95448e-42	4.47621e-42	5.02277e-39	-4.1746e-37	-6.93141e-39	-4.19934e-37	-6.95011e-39	-4.16412e-37	-6.92631e-39	-5.43747e-37	-1.051e-38	-6.94075e-39	-4.18718e-37	-1.32754e-37	-3.12799e-36	1.90095e-35	3.00043e-17	439.94	1.00467e-31	4.83092e-34	9.92673e-32	4.81209e-34	4.79336e-34	9.80215e-32	9.67443e-32	4.77471e-34	9.54511e-32	4.75616e-34	-2.96326e-32	-1.7322e-35	5.81786e-34	1.21295e-31	-1.24652e-31	-4.46126e-34	-1.90278e-34	-3.28191e-31	-1.77885e-35	-2.98e-31	-3.41414e-31	-2.02924e-34	-1.84281e-34	-3.18769e-31	-2.09642e-34	-3.41737e-31	5.81316e-34	1.21076e-31	-3.08569e-31	-1.78484e-34	-3.36145e-31	-1.96485e-34	-3.3267e-31	-2.16764e-34	5.80875e-34	1.20839e-31	1.20103e-31	5.7981e-34	5.79997e-34	1.20321e-31	5.80436e-34	1.20586e-31	1.6158e-31	8.85825e-34	2.67527e-30	3.75655e-31	0	0.592242	0.185543	0	0	-2.49891e-35	-1.3808e-30	-1.16787e-31	0	0	-2.5013e-35	3.48734e-35	3.48883e-35	867.135	28.9045	-2.5609e-21	1	0	0	1.2949e-35	
483552	320.265	58.0741	-1.79636e-42	-1.17594e-44	49820	1080.93	15.0233	49820	5.06279e-36	5.07092e-36	1058.5	14.8374	1034.81	14.6543	0.181971	0.587337	-1.18846e-34	4.11902e-17	4.03112	3.3331	2.71547	4.68493	0.0120064	0.0108431	0.00980011	0.0092988	-4.43218e-37	4.74324e-17	14.93	1069.94	-1.18656e-34	4.09598e-17	14.7586	1056.18	0.0126471	4.86325	14.7454	1046.73	5.06583e-39	1054.58	14.736	2.54484e-39	0.588276	0.182262	0.0278453	4.16301	1050.93	14.6925	1047.24	14.6587	3.67593	0.010308	1.93638	0.026513	3.0111	0.00931835	0.011408	4.38031	-3.61519e-37	4.58784e-17	2.54254e-39	1325.1	22.2069	39.3067	7.05974	9.65026e-39	1.64565e-16	-5.93932e-38	1052.82	14.7142	1048.93	14.6708	97.4173	17.6651	4.95121e-18	5.88355e-39	6045.1	196688	-5.94662e-38	17.6651	97.4173	-3.61515e-37	4.58784e-17	500	0.110641	0.0201482	17.6653	97.4177	5.06578e-39	0.0656962	0.361829	-4.21713e-37	5.31481e-17	0	10788.7	147.919	10679.2	147.006	256570	46731.5	146.099	10565.1	10329.1	144.308	145.199	10447.9	41.6874	0.275823	14.5325	1054.22	2.68233	194.176	1.09821	404.448	302.238	0.944558	1.21536	469.915	334.511	0.993121	487.735	1.27987	0.0942499	272.603	14.5105	1052.62	1.1551	439.421	368.864	1.0443	1046.99	14.4468	14.4892	1050.87	1045.3	14.435	14.468	1048.98	21.8664	1322.62	5985.57	196577	2.96712e-36	17.6651	97.4173	2.96445e-36	0	0	1.49855e-40	5.46427e-39	1.48786e-40	5.37551e-39	5.19256e-39	1.46673e-40	5.28467e-39	1.47725e-40	5.10017e-39	1.45632e-40	-7.66379e-40	-4.54123e-43	5.30256e-39	1.46905e-40	-7.35669e-43	-8.94269e-40	-6.70304e-43	-8.0964e-40	-7.83139e-43	-9.16904e-40	-1.66239e-42	-3.36981e-40	-6.9141e-43	-8.40363e-40	1.17382e-38	2.78772e-39	6.46851e-38	1.79355e-39	-6.67806e-43	-7.78145e-40	-7.58931e-43	-9.12238e-40	-8.692e-40	-7.13188e-43	-8.08751e-43	-8.96087e-40	6.4121e-38	1.78409e-39	6.45046e-38	1.79038e-39	6.39593e-38	1.78228e-39	8.38839e-38	2.70904e-39	1.78723e-39	6.4316e-38	-3.61612e-37	6.38857e-37	-4.17935e-36	4.58709e-17	439.94	2.40789e-32	1.15782e-34	2.37913e-32	1.15331e-34	1.14882e-34	2.34927e-32	2.31866e-32	1.14435e-34	2.28767e-32	1.1399e-34	-7.10182e-33	-4.15146e-36	1.39436e-34	2.90707e-32	-2.98746e-32	-1.0692e-34	-4.56027e-35	-7.86551e-32	-4.26325e-36	-7.14195e-32	-8.18243e-32	-4.86334e-35	-4.41655e-35	-7.63971e-32	-5.02435e-35	-8.19016e-32	1.39323e-34	2.90182e-32	-7.39524e-32	-4.27761e-35	-8.05613e-32	-4.70903e-35	-7.97285e-32	-5.19503e-35	1.39218e-34	2.89613e-32	2.87851e-32	1.38962e-34	1.39007e-34	2.88373e-32	1.39112e-34	2.89008e-32	3.87255e-32	2.12304e-34	6.41151e-31	9.00327e-32	0	0.5878	0.182324	0	0	-6.9248e-35	-3.30927e-31	-2.79894e-32	0	0	-6.93331e-35	-1.08208e-11	6.63687e-35	860.175	28.6725	-2.5609e-21	1	0	0	-3.08428e-36	
490560	317.556	55.8725	-2.75222e-42	-1.12049e-44	49820	1093.53	16.5992	49820	-1.60893e-36	-1.61152e-36	1070.63	16.3851	1046.47	16.1745	0.17857	0.583146	9.47224e-35	-2.50486e-16	3.95086	3.26103	2.65213	4.59946	0.0110781	0.00996785	0.00897591	0.00850672	3.51219e-37	-2.53489e-16	16.4917	1082.32	9.45708e-35	-2.4972e-16	16.2965	1068.22	0.0116909	4.77841	16.2793	1058.63	-1.60689e-39	1066.59	16.2702	-8.08742e-40	0.584078	0.178855	0.0297991	4.12941	1062.87	16.2195	1059.12	16.1799	3.59961	0.00945844	1.90406	0.0245535	2.94337	0.00851903	0.0105065	4.29678	2.87419e-37	-4.20707e-17	-8.08015e-40	1340.27	24.5237	39.7555	7.54021	-3.06255e-39	1.8619e-16	4.71699e-38	1064.79	16.2448	1060.83	16.1942	96.5933	16.9954	-6.63156e-17	-1.8575e-39	6431.35	197359	4.72271e-38	16.9954	96.5933	2.87417e-37	-4.20707e-17	500	0.109706	0.0193883	16.9957	96.5937	-1.60641e-39	0.0632096	0.358769	3.35064e-37	-4.90695e-17	0	10915.4	163.364	10803.6	162.314	254385	44983.9	161.272	10687.2	10446.3	159.212	160.237	10567.5	41.3459	0.294595	16.0402	1066.32	2.48675	190.912	1.01079	396.34	295.395	0.864677	1.12267	461.282	327.229	0.910768	479.167	1.18441	0.0863323	266.201	16.0146	1064.69	1.06508	430.984	361.153	0.959431	1058.96	15.9405	15.9898	1062.9	1057.25	15.9265	15.9651	1060.98	24.1376	1337.88	6368.56	197254	-9.42944e-37	16.9954	96.5933	-9.42098e-37	0	0	1.70349e-41	5.4632e-40	1.69521e-41	5.352e-40	5.1266e-40	1.67877e-41	5.23952e-40	1.68697e-41	5.01441e-40	1.67062e-41	6.07819e-41	2.9074e-44	5.13487e-40	1.67913e-41	1.44631e-44	6.68832e-41	1.22696e-44	6.14982e-41	1.61373e-44	6.79334e-41	3.58788e-44	2.47655e-41	1.29623e-44	6.34955e-41	2.80758e-40	4.30928e-40	6.26137e-39	2.05147e-40	1.22249e-44	5.94269e-41	1.52761e-44	6.78982e-41	6.53357e-41	1.36929e-44	1.70584e-44	6.61085e-41	6.19907e-39	2.04488e-40	6.24131e-39	2.04927e-40	6.18173e-39	2.04374e-40	7.72159e-39	3.08876e-40	2.04708e-40	6.22049e-39	2.87482e-37	9.98355e-38	5.61306e-37	-4.20813e-17	439.94	-3.09756e-32	-1.48944e-34	-3.06056e-32	-1.48364e-34	-1.47786e-34	-3.02215e-32	-2.98277e-32	-1.47211e-34	-2.9429e-32	-1.46639e-34	9.13602e-33	5.34056e-36	-1.79373e-34	-3.7397e-32	3.84316e-32	1.37545e-34	5.86648e-35	1.01185e-31	5.48438e-36	9.18764e-32	1.05261e-31	6.25636e-35	5.68159e-35	9.82798e-32	6.46348e-35	1.05361e-31	-1.79228e-34	-3.73295e-32	9.51348e-32	5.50285e-35	1.03637e-31	6.05784e-35	1.02565e-31	6.68306e-35	-1.79092e-34	-3.72564e-32	-3.70296e-32	-1.78764e-34	-1.78822e-34	-3.70969e-32	-1.78957e-34	-3.71785e-32	-4.98173e-32	-2.73113e-34	-8.24803e-31	-1.1582e-31	0	0.583585	0.178941	0	0	5.49961e-35	4.25715e-31	3.60065e-32	0	0	5.50628e-35	-5.40532e-35	-5.41207e-35	853.27	28.4423	-2.5609e-21	1	0	0	7.0585e-37	
497568	314.987	53.5644	2.87908e-42	1.74765e-44	49820	1105.7	18.394	49820	2.23e-37	2.23358e-37	1082.34	18.1458	1057.72	17.9018	0.175004	0.579172	-2.2544e-35	-6.22544e-17	3.87552	3.19345	2.59282	4.51915	0.0101447	0.00908988	0.00815124	0.00771648	-8.34564e-38	-1.95092e-16	18.2694	1094.26	-2.25079e-35	-6.1798e-17	18.0447	1079.83	0.0107284	4.69865	18.0232	1070.11	2.22819e-40	1078.17	18.0139	1.12093e-40	0.580097	0.175283	0.032316	4.09907	1074.39	17.9543	1070.58	17.9077	3.52801	0.00860736	1.87367	0.0225788	2.87992	0.00772031	0.00960111	4.21834	-6.83587e-38	-5.93756e-17	1.11994e-40	1354.92	27.1576	40.1962	8.05026	4.24372e-40	-1.57006e-19	-1.12155e-38	1076.35	17.984	1072.32	17.9246	95.8119	16.2933	-4.64513e-17	2.56139e-40	6838.28	198000	-1.1229e-38	16.2933	95.8119	-6.83583e-38	-5.93756e-17	500	0.108819	0.0185917	16.2936	95.8123	2.22677e-40	0.0606027	0.355868	-7.96765e-38	-6.86281e-17	0	11037.8	180.943	10923.8	179.726	252312	43151	178.519	10805	10559.4	176.136	177.321	10683	41.0375	0.318789	17.753	1078	2.28946	187.842	0.923003	388.729	288.983	0.784763	1.02938	453.17	320.401	0.828276	471.112	1.08822	0.0784236	260.208	17.7229	1076.35	0.97457	423.06	353.919	0.874315	1070.51	17.636	17.6939	1074.53	1068.77	17.6195	17.6649	1072.57	26.7181	1352.61	6772.17	197900	1.30694e-37	16.2933	95.812	1.30578e-37	0	0	-4.4866e-41	-4.46709e-40	-4.4496e-41	-4.36837e-40	-4.16867e-40	-4.37657e-41	-4.26867e-40	-4.41293e-41	-4.06939e-40	-4.34065e-41	-5.54525e-43	-3.86111e-44	-4.21596e-40	-4.3869e-41	3.69302e-44	1.57842e-42	3.39428e-44	8.96087e-43	3.90272e-44	1.99609e-42	8.21351e-44	8.56687e-43	3.49203e-44	1.11714e-42	-5.82742e-40	-6.93843e-40	-5.14016e-39	-5.35399e-40	3.37215e-44	6.84855e-43	3.79651e-44	1.80171e-42	1.3466e-42	3.59159e-44	4.01368e-44	2.12164e-42	-5.08689e-39	-5.31997e-40	-5.12299e-39	-5.34262e-40	-5.07235e-39	-5.31323e-40	-6.5005e-39	-8.08202e-40	-5.33128e-40	-5.10519e-39	-6.83729e-38	-1.5508e-37	1.03099e-37	-5.93575e-17	439.94	8.14888e-33	3.91835e-35	8.05155e-33	3.90307e-35	3.88788e-35	7.9505e-33	7.84691e-33	3.87275e-35	7.74202e-33	3.85771e-35	-2.40346e-33	-1.40497e-36	4.71885e-35	9.83821e-33	-1.01104e-32	-3.61847e-35	-1.54332e-35	-2.66191e-32	-1.4428e-36	-2.41703e-32	-2.76916e-32	-1.64589e-35	-1.49468e-35	-2.58549e-32	-1.70038e-35	-2.77178e-32	4.71503e-35	9.82045e-33	-2.50276e-32	-1.44766e-35	-2.72642e-32	-1.59366e-35	-2.69823e-32	-1.75814e-35	4.71146e-35	9.8012e-33	9.74156e-33	4.70282e-35	4.70434e-35	9.75925e-33	4.7079e-35	9.78073e-33	1.31057e-32	7.1849e-35	2.16985e-31	3.04693e-32	0	0.579588	0.175392	0	0	-1.30762e-35	-1.11995e-31	-9.4724e-33	0	0	-1.3092e-35	1.29455e-35	1.29615e-35	846.421	28.214	-2.5609e-21	1	0	0	-9.15679e-38	
504576	312.553	51.1519	-6.60733e-42	-3.55879e-44	49820	1117.44	20.4479	49820	4.9795e-37	4.9875e-37	1093.64	20.1581	1068.56	19.8734	0.171276	0.575405	-5.80307e-36	1.06213e-15	3.80482	3.13011	2.5373	4.4437	0.00921271	0.00821563	0.00733242	0.00693473	-2.18488e-38	6.51617e-16	20.3024	1105.78	-5.79377e-36	1.05923e-15	20.0409	1091.04	0.00976606	4.62369	20.015	1081.18	4.91983e-40	1089.35	20.0045	2.503e-40	0.576324	0.17155	0.035553	4.0717	1085.5	19.9339	1081.64	19.8785	3.46085	0.00776108	1.84509	0.0206022	2.82048	0.00692843	0.00869834	4.14468	-1.77228e-38	2.35281e-16	2.50074e-40	1369.05	30.1657	40.6288	8.59127	9.41534e-40	1.8291e-16	-2.91762e-39	1087.49	19.9691	1083.4	19.8988	95.0714	15.5595	1.38924e-16	5.62066e-40	7266.15	198612	-2.92128e-39	15.5595	95.0714	-1.77216e-38	2.35281e-16	500	0.107979	0.0177591	15.5598	95.0717	4.91485e-40	0.0578779	0.353118	-2.06897e-38	2.74033e-16	0	11155.9	201.044	11039.6	199.625	250348	41234.1	198.217	10918.6	10668.5	195.44	196.821	10794.3	40.7592	0.34991	19.7073	1089.27	2.09175	184.956	0.835481	381.586	282.976	0.705429	0.936122	445.549	314	0.746264	463.541	0.991948	0.0705887	254.597	19.6718	1087.58	0.884213	415.619	347.134	0.789573	1081.66	19.569	19.6374	1085.74	1079.89	19.5493	19.6032	1083.75	29.663	1366.82	7196.69	198516	2.91834e-37	15.5595	95.0714	2.91572e-37	0	0	-1.15286e-41	2.56611e-40	-1.13829e-41	2.53113e-40	2.45802e-40	-1.10963e-41	2.49497e-40	-1.12388e-41	2.42068e-40	-1.09559e-41	-5.16387e-41	-6.27519e-44	2.51928e-40	-1.11253e-41	-3.87983e-44	-5.97345e-41	-3.53866e-44	-5.41905e-41	-4.12983e-44	-6.11691e-41	-8.7703e-44	-2.24557e-41	-3.64845e-44	-5.62086e-41	6.23546e-40	-7.21858e-41	3.07375e-39	-1.35577e-40	-3.53279e-44	-5.21185e-41	-4.00209e-44	-6.08955e-41	-5.80984e-41	-3.76211e-44	-4.26553e-44	-5.97454e-41	3.04851e-39	-1.34125e-40	3.06569e-39	-1.3509e-40	3.04105e-39	-1.33824e-40	4.02587e-39	-2.04946e-40	-1.34606e-40	3.05725e-39	-1.77282e-38	-1.35903e-38	-2.72319e-37	2.3532e-16	439.94	-5.97371e-35	-2.87255e-37	-5.90235e-35	-2.86135e-37	-2.85021e-37	-5.82828e-35	-5.75234e-35	-2.83913e-37	-5.67544e-35	-2.8281e-37	1.76263e-35	1.03032e-38	-3.4594e-37	-7.21212e-35	7.41457e-35	2.65355e-37	1.13177e-37	1.95216e-34	1.05806e-38	1.77258e-34	2.03081e-34	1.20699e-37	1.0961e-37	1.89612e-34	1.24695e-37	2.03272e-34	-3.4566e-37	-7.1991e-35	1.83544e-34	1.06162e-37	1.99946e-34	1.16869e-37	1.97879e-34	1.28931e-37	-3.45399e-37	-7.18499e-35	-7.14127e-35	-3.44765e-37	-3.44877e-37	-7.15423e-35	-3.45137e-37	-7.16998e-35	-9.60763e-35	-5.26729e-37	-1.59167e-33	-2.23371e-34	0	0.575799	0.171682	0	0	-3.40177e-36	8.21303e-34	6.9465e-35	0	0	-3.40604e-36	3.10993e-36	-8.65674e-12	839.627	27.9876	-2.5609e-21	1	0	0	-2.66029e-37	
511584	310.246	48.6393	6.43656e-44	4.97703e-46	49820	1128.75	22.8104	49820	-6.80093e-38	-6.81185e-38	1104.51	22.4693	1079	22.1344	0.167394	0.571836	5.25396e-36	8.3702e-17	3.73847	3.07073	2.48532	4.37282	0.00828959	0.00735237	0.00652656	0.00616904	1.94644e-38	-2.44153e-16	22.6391	1116.87	5.24554e-36	8.40775e-17	22.3309	1101.82	0.00881148	4.55324	22.3009	1091.84	-6.81688e-41	1100.11	22.2875	-3.41851e-41	0.57275	0.167661	0.0397167	4.04705	1096.21	22.2032	1092.28	22.1368	3.39786	0.0069268	1.81822	0.0186388	2.76479	0.00615042	0.00780551	4.07552	1.59366e-38	-7.20284e-17	-3.41541e-41	1382.66	33.6171	41.0533	9.16461	-1.29792e-40	5.63357e-18	2.61495e-39	1098.23	22.2453	1094.07	22.1613	94.3699	14.7952	-6.68397e-17	-7.94815e-41	7714.98	199195	2.61811e-39	14.7952	94.3699	1.59366e-38	-7.20284e-17	500	0.107183	0.0168919	14.7956	94.3702	-6.81834e-41	0.05504	0.350513	1.85771e-38	-8.0514e-17	0	11269.7	224.146	11151.2	222.477	248486	39236.6	220.823	11028	10773.6	217.56	219.182	10901.6	40.5085	0.389936	21.9476	1100.12	1.89511	182.242	0.748937	374.883	277.349	0.627366	0.843626	438.39	308.001	0.66543	456.425	0.896323	0.0629018	249.343	21.9054	1098.41	0.794729	408.633	340.77	0.705912	1092.39	21.7828	21.8644	1096.53	1090.61	21.759	21.8235	1094.52	33.0394	1380.51	7642.18	199104	-3.98577e-38	14.7952	94.3699	-3.98217e-38	0	0	-6.91835e-42	7.41098e-41	-6.82882e-42	7.30372e-41	7.08141e-41	-6.65312e-42	7.1935e-41	-6.74042e-42	6.96865e-41	-6.56726e-42	-3.13184e-42	-1.91856e-44	7.16733e-41	-6.66798e-42	-2.34464e-45	-3.8176e-42	-2.24782e-45	-3.41673e-42	-2.41698e-45	-3.93897e-42	-4.97989e-45	-1.45473e-42	-2.27899e-45	-3.56089e-42	1.0094e-40	-4.36441e-41	8.74406e-40	-8.12552e-41	-2.27846e-45	-3.26967e-42	-2.37967e-45	-3.90721e-42	-3.69728e-42	-2.3112e-45	-2.45812e-45	-3.85971e-42	8.67007e-40	-8.03701e-41	8.7204e-40	-8.0959e-41	8.64828e-40	-8.01845e-41	1.10987e-39	-1.22969e-40	-8.0664e-41	8.69567e-40	1.594e-38	-8.39485e-39	2.41421e-38	-7.18601e-17	439.94	-1.81821e-33	-8.74278e-36	-1.7965e-33	-8.7087e-36	-8.6748e-36	-1.77395e-33	-1.75084e-33	-8.64105e-36	-1.72743e-33	-8.60748e-36	5.36269e-34	3.13482e-37	-1.05289e-35	-2.19514e-33	2.25587e-33	8.07368e-36	3.44353e-36	5.93936e-33	3.21924e-37	5.39299e-33	6.17867e-33	3.67238e-36	3.335e-36	5.76886e-33	3.79396e-36	6.18451e-33	-1.05204e-35	-2.19118e-33	5.58426e-33	3.23008e-36	6.08331e-33	3.55585e-36	6.02042e-33	3.92284e-36	-1.05124e-35	-2.18689e-33	-2.17358e-33	-1.04931e-35	-1.04965e-35	-2.17752e-33	-1.05045e-35	-2.18232e-33	-2.92419e-33	-1.60312e-35	-4.84146e-32	-6.79843e-33	0	0.57221	0.167816	0	0	3.0488e-36	2.49887e-32	2.11352e-33	0	0	3.05249e-36	-3.00894e-36	-3.01267e-36	832.888	27.7629	-2.5609e-21	1	0	0	2.10927e-38	
518592	308.063	46.0338	1.49076e-44	7.5756e-47	49820	1139.63	25.5418	49820	-7.74122e-39	-7.75365e-39	1114.98	25.1367	1089.04	24.7396	0.163368	0.568458	-2.12815e-36	1.30516e-16	3.67621	3.01507	2.43665	4.30625	0.00738364	0.00650819	0.00574149	0.00542788	-7.85416e-39	2.73119e-16	25.3384	1127.55	-2.12474e-36	1.29772e-16	24.9702	1112.2	0.00787306	4.48704	24.9369	1102.09	-7.76321e-42	1110.46	24.918	-3.89114e-42	0.569366	0.163629	0.0450813	4.02487	1106.5	24.8165	1102.53	24.7362	3.33878	0.00611248	1.79296	0.0167054	2.71262	0.00539396	0.00693083	4.01059	-6.44462e-39	9.30369e-17	-3.88761e-42	1395.75	37.5959	41.4697	9.77153	-1.47794e-41	5.22249e-17	-1.05673e-39	1108.55	24.8672	1104.34	24.7661	93.7056	14.0027	6.45211e-17	-9.0657e-42	8184.49	199752	-1.058e-39	14.0027	93.7056	-6.44462e-39	9.30369e-17	500	0.106429	0.0159926	14.003	93.7059	-7.76559e-42	0.0520972	0.348047	-7.50926e-39	1.07312e-16	0	11379.2	250.834	11258.7	248.855	246724	37163.7	246.893	11133.3	10874.6	243.029	244.949	11004.7	40.2828	0.441489	24.5278	1110.57	1.70119	179.691	0.664168	368.593	272.077	0.551332	0.752709	431.666	302.377	0.586545	449.739	0.802174	0.0554461	244.425	24.4771	1108.83	0.706924	402.074	334.801	0.624116	1102.72	24.3296	24.4277	1106.92	1100.91	24.3006	24.3786	1104.88	36.9289	1393.69	8108.41	199664	-4.53683e-39	14.0027	93.7056	-4.53272e-39	0	0	-1.8113e-42	-6.16829e-41	-1.80127e-42	-6.05738e-41	-5.8304e-41	-1.78133e-42	-5.94443e-41	-1.79128e-42	-5.71646e-41	-1.77145e-42	4.29274e-42	3.23745e-45	-5.92271e-41	-1.78431e-42	5.7986e-45	5.14966e-42	5.31516e-45	4.62731e-42	6.14673e-45	5.30426e-42	1.29907e-44	1.95716e-42	5.47183e-45	4.81529e-42	-1.03196e-40	-3.9346e-41	-7.22362e-40	-2.1795e-41	5.29633e-45	4.43554e-42	5.96946e-45	5.26549e-42	4.99309e-42	5.6329e-45	6.33391e-45	5.19463e-42	-7.15646e-40	-2.17113e-41	-7.20206e-40	-2.17671e-41	-7.13745e-40	-2.16962e-41	-9.24449e-40	-3.28693e-41	-2.17391e-41	-7.17962e-40	-6.44584e-39	-9.07022e-39	2.31716e-38	9.29959e-17	439.94	9.10261e-34	4.37694e-36	8.99389e-34	4.35988e-36	4.34291e-36	8.88101e-34	8.7653e-34	4.32601e-36	8.64813e-34	4.30921e-36	-2.68476e-34	-1.5694e-37	5.27113e-36	1.09897e-33	-1.12937e-33	-4.04197e-36	-1.72395e-36	-2.97346e-33	-1.61167e-37	-2.69992e-33	-3.09326e-33	-1.83852e-36	-1.66962e-36	-2.8881e-33	-1.89939e-36	-3.09619e-33	5.26687e-36	1.09698e-33	-2.79568e-33	-1.6171e-36	-3.04552e-33	-1.78019e-36	-3.01404e-33	-1.96392e-36	5.26288e-36	1.09483e-33	1.08817e-33	5.25323e-36	5.25493e-36	1.09014e-33	5.2589e-36	1.09254e-33	1.46395e-33	8.02581e-36	2.42381e-32	3.40353e-33	0	0.568811	0.163804	0	0	-1.23205e-36	-1.25103e-32	-1.0581e-33	0	0	-1.23353e-36	1.23659e-36	1.23806e-36	826.202	27.5401	-2.5609e-21	1	0	0	8.98185e-39	
525600	305.996	43.3461	-4.80423e-45	-3.29306e-47	49820	1150.09	28.7161	49820	4.89421e-39	4.90206e-39	1125.03	28.2305	1098.69	27.7551	0.159214	0.56526	2.20036e-37	-6.09524e-17	3.61779	2.9629	2.39108	4.24373	0.00650393	0.00569183	0.0049856	0.00472061	8.08564e-40	9.02788e-17	28.4721	1137.81	2.19684e-37	-6.1044e-17	28.0263	1122.18	0.00696003	4.42485	27.9912	1111.94	4.8983e-42	1120.41	27.9628	2.4601e-42	0.566163	0.159469	0.0520133	4.00493	1116.4	27.8394	1112.37	27.7412	3.28338	0.0053267	1.76922	0.014821	2.66374	0.00466729	0.00608319	3.94964	6.65097e-40	3.42788e-17	2.45787e-42	1408.34	42.2041	41.8782	10.4132	9.33071e-42	3.69134e-17	1.0897e-40	1118.48	27.901	1114.21	27.778	93.077	13.1852	2.08925e-17	5.6936e-42	8673.98	200282	1.09099e-40	13.1852	93.077	6.651e-40	3.42788e-17	500	0.105716	0.015065	13.1855	93.0772	4.89849e-42	0.0490617	0.345713	7.7461e-40	3.94405e-17	0	11484.5	281.825	11361.9	279.455	245056	35023.5	277.108	11234.5	10971.7	272.489	274.783	11103.9	40.08	0.50807	27.5132	1120.61	1.51186	177.293	0.582039	362.691	267.137	0.478143	0.664267	425.35	297.105	0.510444	443.457	0.710414	0.0483139	239.82	27.4517	1118.84	0.621678	395.917	329.203	0.545034	1112.66	27.2726	27.3918	1116.91	1110.82	27.237	27.3321	1114.84	41.4304	1406.35	8594.76	200199	2.86832e-39	13.1852	93.077	2.86573e-39	0	0	1.40822e-42	1.04541e-41	1.3936e-42	1.02401e-41	9.80501e-42	1.36486e-42	1.00232e-41	1.37915e-42	9.58787e-42	1.35078e-42	-8.05042e-43	1.57528e-45	9.97841e-42	1.36722e-42	-1.36088e-45	-9.66486e-43	-1.23655e-45	-8.68469e-43	-1.45003e-45	-9.95723e-43	-3.07824e-45	-3.67542e-43	-1.27688e-45	-9.03701e-43	1.92977e-41	1.69995e-41	1.2168e-40	1.66748e-41	-1.22708e-45	-8.32556e-43	-1.4047e-45	-9.88313e-43	-9.37062e-43	-1.31831e-45	-1.49767e-45	-9.75315e-43	1.20484e-40	1.65347e-41	1.21295e-40	1.66279e-41	1.20155e-40	1.65059e-41	1.56264e-40	2.5205e-41	1.65812e-41	1.20896e-40	6.65204e-40	3.70977e-39	-7.6654e-39	3.42588e-17	439.94	-1.14468e-34	-5.50413e-37	-1.13101e-34	-5.48268e-37	-5.46133e-37	-1.11681e-34	-1.10226e-34	-5.44009e-37	-1.08753e-34	-5.41895e-37	3.37616e-35	1.97357e-38	-6.6286e-37	-1.38198e-34	1.42022e-34	5.0829e-37	2.16792e-37	3.73922e-34	2.02672e-38	3.39524e-34	3.88988e-34	2.312e-37	2.0996e-37	3.63187e-34	2.38854e-37	3.89355e-34	-6.62324e-37	-1.37949e-34	3.51565e-34	2.03355e-37	3.82984e-34	2.23864e-37	3.79024e-34	2.46968e-37	-6.61823e-37	-1.37678e-34	-1.3684e-34	-6.60608e-37	-6.60822e-37	-1.37089e-34	-6.61322e-37	-1.37391e-34	-1.84096e-34	-1.00927e-36	-3.04802e-33	-4.28004e-34	0	0.565595	0.159664	0	0	1.27048e-37	1.5732e-33	1.3306e-34	0	0	1.27199e-37	-1.29916e-37	-1.30065e-37	819.57	27.319	-2.5609e-21	1	0	0	-2.99072e-39	
532608	304.041	40.5913	-8.08332e-44	-5.4486e-46	49820	1160.14	32.4233	49820	6.23212e-39	6.24212e-39	1134.69	31.8355	1107.95	31.2609	0.154957	0.562235	6.23389e-38	-1.31242e-16	3.56297	2.914	2.34842	4.18502	0.00566007	0.00491248	0.00426763	0.0040574	2.24946e-40	5.51225e-16	32.1278	1147.66	6.22392e-38	-1.3221e-16	31.58	1131.76	0.00608224	4.36642	31.5462	1121.4	6.20927e-42	1129.97	31.5021	3.1326e-42	0.563133	0.155204	0.061005	3.98704	1125.9	31.3505	1121.83	31.2295	3.23142	0.00457841	1.74691	0.0130053	2.61795	0.0039789	0.00527201	3.89242	1.86978e-40	1.88717e-16	3.12975e-42	1420.42	47.5644	42.2787	11.0907	1.18516e-41	1.20807e-16	3.05316e-41	1128.01	31.4262	1123.69	31.2752	92.4822	12.3472	1.41214e-16	7.20598e-42	9182.24	200788	3.05662e-41	12.3472	92.4822	1.86983e-40	1.88717e-16	500	0.105041	0.0141142	12.3476	92.4825	6.20892e-42	0.0459502	0.343504	2.17345e-40	2.13666e-16	0	11585.6	317.991	11461.1	315.125	243478	32827.4	312.29	11331.7	11064.9	306.715	309.483	11199.1	39.8979	0.594381	30.9826	1130.25	1.32908	175.04	0.503462	357.154	262.51	0.408647	0.579255	419.42	292.163	0.437993	437.555	0.622017	0.0416057	235.508	30.9072	1128.46	0.539926	390.137	323.953	0.469558	1122.19	30.6876	30.8337	1126.51	1120.34	30.6435	30.7605	1124.41	46.6632	1418.52	9100.11	200709	3.65242e-39	12.3473	92.4822	3.6491e-39	0	0	6.06976e-43	5.27267e-42	6.02016e-43	5.16136e-42	4.93533e-42	5.92253e-43	5.04864e-42	5.97112e-43	4.82259e-42	5.87447e-43	-4.96393e-43	2.61741e-46	5.02966e-42	5.94258e-43	-7.89386e-46	-5.91795e-43	-7.18165e-46	-5.325e-43	-8.40484e-46	-6.09226e-43	-1.78305e-45	-2.24739e-43	-7.41261e-46	-5.5384e-43	1.01706e-41	8.56534e-42	6.13277e-41	7.25316e-42	-7.14351e-46	-5.10735e-43	-8.14498e-46	-6.04916e-43	-5.74025e-43	-7.64995e-46	-8.67805e-46	-5.96541e-43	6.07079e-41	7.20741e-42	6.11281e-41	7.23809e-42	6.05376e-41	7.19796e-42	7.90642e-41	1.09478e-41	7.22283e-42	6.0921e-41	1.86986e-40	1.89861e-39	-5.40484e-39	1.8842e-16	439.94	-5.64278e-35	-2.7133e-37	-5.57538e-35	-2.70273e-37	-2.69221e-37	-5.50541e-35	-5.43368e-35	-2.68173e-37	-5.36105e-35	-2.67131e-37	1.66431e-35	9.72889e-39	-3.26762e-37	-6.81258e-35	7.00108e-35	2.50566e-37	1.0687e-37	1.84328e-34	9.99088e-39	1.67371e-34	1.91755e-34	1.13972e-37	1.03501e-37	1.79036e-34	1.17745e-37	1.91936e-34	-3.26498e-37	-6.80028e-35	1.73307e-34	1.00245e-37	1.88795e-34	1.10356e-37	1.86843e-34	1.21745e-37	-3.26251e-37	-6.78695e-35	-6.74565e-35	-3.25652e-37	-3.25757e-37	-6.7579e-35	-3.26004e-37	-6.77277e-35	-9.07517e-35	-4.97527e-37	-1.50255e-33	-2.10988e-34	0	0.562551	0.155416	0	0	3.5596e-38	7.75523e-34	6.55929e-35	0	0	3.56364e-38	-3.92484e-38	-3.92855e-38	812.992	27.0997	-2.5609e-21	1	0	0	-3.02819e-39	
539616	302.192	37.7893	1.17146e-48	9.90467e-52	49820	1169.78	36.7722	49820	5.5963e-42	5.60529e-42	1143.95	36.0534	1116.83	35.3519	0.150625	0.559374	-9.08028e-41	1.98121e-16	3.51154	2.86816	2.30847	4.12988	0.00486189	0.00417941	0.00359629	0.00344915	-3.40156e-43	-2.33665e-16	36.4107	1157.11	-9.06574e-41	1.98379e-16	35.7277	1140.95	0.00524979	4.31152	35.7	1130.47	5.60816e-45	1139.14	35.6313	2.813e-45	0.560268	0.150866	0.0727197	3.97099	1135.02	35.4433	1130.9	35.2927	3.18269	0.00387662	1.72595	0.0112792	2.57505	0.00333721	0.00450684	3.83872	-2.76752e-43	-1.07419e-16	2.81046e-45	1432.02	53.8234	42.6713	11.8047	1.0678e-44	-1.97036e-16	-4.55033e-44	1137.15	35.5371	1132.78	35.3499	91.9198	11.4949	-5.50282e-17	6.52997e-45	9707.45	201271	-4.55597e-44	11.4949	91.9198	-2.7675e-43	-1.07419e-16	500	0.104403	0.0131471	11.4953	91.92	5.60898e-45	0.0427854	0.341416	-3.22997e-43	-1.21946e-16	0	11682.6	360.39	11556.2	356.89	241985	30590.8	353.429	11424.9	11154.4	346.634	350.007	11290.4	39.7346	0.706754	35.0297	1139.5	1.15493	172.922	0.429366	351.958	258.175	0.343688	0.498656	413.85	287.532	0.370069	432.01	0.537994	0.0354293	231.47	34.9365	1137.69	0.462623	384.711	319.03	0.398588	1131.35	34.6646	34.8455	1135.71	1129.47	34.6094	34.7548	1133.59	52.7699	1430.19	9622.74	201195	3.27979e-42	11.4949	91.9198	3.27683e-42	0	0	3.13063e-45	1.31892e-44	3.0964e-45	1.28956e-44	1.23015e-44	3.02927e-45	1.2599e-44	3.06262e-45	1.2006e-44	2.99643e-45	-1.18411e-45	4.57252e-48	1.25462e-44	3.03483e-45	-2.20248e-48	-1.41397e-45	-1.9909e-48	-1.27355e-45	-2.35389e-48	-1.45484e-45	-5.00985e-48	-5.36448e-46	-2.05955e-48	-1.32412e-45	2.76406e-44	3.42367e-44	1.52984e-43	3.70076e-44	-1.97106e-48	-1.22195e-45	-2.27696e-48	-1.44491e-45	-1.37193e-45	-2.13006e-48	-2.43453e-48	-1.42422e-45	1.51458e-43	3.66772e-44	1.52493e-43	3.68977e-44	1.51048e-43	3.6608e-44	1.97315e-43	5.5949e-44	3.67876e-44	1.51983e-43	-2.76832e-43	7.37364e-42	-1.26566e-41	-1.07266e-16	439.94	9.61407e-39	4.62284e-41	9.49924e-39	4.60482e-41	4.58689e-41	9.38003e-39	9.25781e-39	4.56905e-41	9.13406e-39	4.5513e-41	-2.83528e-39	-1.65742e-42	5.56726e-41	1.16071e-38	-1.1927e-38	-4.26866e-41	-1.82064e-41	-3.14018e-38	-1.70205e-42	-2.8513e-38	-3.26671e-38	-1.94163e-41	-1.76326e-41	-3.05003e-38	-2.00591e-41	-3.26979e-38	5.56276e-41	1.15862e-38	-2.95243e-38	-1.70779e-41	-3.21628e-38	-1.88002e-41	-3.18304e-38	-2.07406e-41	5.55855e-41	1.15635e-38	1.14931e-38	5.54835e-41	5.55015e-41	1.1514e-38	5.55435e-41	1.15393e-38	1.5462e-38	8.47669e-41	2.55955e-37	3.59473e-38	0	0.559673	0.151091	0	0	-5.30537e-41	-1.32118e-37	-1.11744e-38	0	0	-5.31196e-41	4.97739e-41	4.98427e-41	806.466	26.8822	-2.5609e-21	1	0	0	-3.9427e-42	
546624	300.444	34.9654	2.59614e-50	-6.66145e-53	49820	1179.02	41.8924	49820	1.78156e-43	1.78442e-43	1152.82	41.0042	1125.34	40.1392	0.14626	0.556669	-1.21287e-41	-1.41612e-17	3.46329	2.82518	2.27105	4.07811	0.00411896	0.00350148	0.00297972	0.00290736	-4.497e-44	1.42368e-15	41.4456	1166.17	-1.21092e-41	-1.8198e-17	40.582	1149.76	0.00447259	4.25996	40.5682	1139.16	1.78566e-46	1147.92	40.4615	8.95507e-47	0.557559	0.146494	0.0880495	3.95662	1143.76	40.2262	1139.59	40.0374	3.13699	0.00322982	1.70625	0.00966303	2.53485	0.00275004	0.00379689	3.7883	-3.68023e-44	3.31892e-16	8.94698e-47	1443.14	61.1527	43.0561	12.5558	3.39975e-46	-4.26032e-16	-6.03961e-45	1145.91	40.3436	1141.49	40.1095	91.3881	10.636	5.70959e-16	2.07995e-46	10247	201730	-6.04692e-45	10.636	91.3881	-3.68022e-44	3.31892e-16	500	0.1038	0.0121725	10.6363	91.3883	1.78596e-46	0.039596	0.339442	-4.29037e-44	3.26871e-16	0	11775.6	410.283	11647.4	405.963	240574	28333.2	401.696	11514.3	11240	393.33	397.479	11377.9	39.5883	0.853706	39.7646	1148.37	0.991451	170.933	0.360648	347.083	254.113	0.284061	0.423431	408.62	283.19	0.307496	426.802	0.45934	0.0298988	227.69	39.6482	1146.54	0.390698	379.618	314.413	0.332987	1140.12	39.3085	39.5345	1144.53	1138.22	39.239	39.4212	1142.39	59.9182	1441.39	10160.2	201658	1.04411e-43	10.636	91.3881	1.04316e-43	0	0	2.38664e-47	-5.01177e-46	2.36385e-47	-4.93202e-46	-4.76767e-46	2.31975e-47	-4.85041e-46	2.34156e-47	-4.68468e-46	2.2984e-47	1.93501e-47	6.18368e-50	-4.82611e-46	2.33702e-47	1.94661e-50	2.39854e-47	1.8364e-50	2.13306e-47	2.02831e-50	2.48478e-47	4.22289e-50	9.21034e-48	1.8719e-50	2.22784e-47	-6.60834e-46	1.50277e-46	-5.88665e-45	2.85234e-46	1.83745e-50	2.03679e-47	1.98634e-50	2.45987e-47	2.3181e-47	1.90857e-50	2.07381e-50	2.4394e-47	-5.8334e-45	2.8334e-46	-5.86957e-45	2.84629e-46	-5.81789e-45	2.82913e-46	-7.4718e-45	4.30677e-46	2.84001e-46	-5.85178e-45	-3.68103e-44	2.84896e-44	-3.58075e-44	3.28606e-16	439.94	3.98229e-39	1.91486e-41	3.93473e-39	1.9074e-41	1.89997e-41	3.88535e-39	3.83472e-39	1.89258e-41	3.78346e-39	1.88523e-41	-1.17455e-39	-6.86595e-43	2.30606e-41	4.80785e-39	-4.94086e-39	-1.76831e-41	-7.54208e-42	-1.30085e-38	-7.05085e-43	-1.18118e-38	-1.35327e-38	-8.04332e-42	-7.30438e-42	-1.26351e-38	-8.3096e-42	-1.35454e-38	2.3042e-41	4.79917e-39	-1.22308e-38	-7.0746e-42	-1.33238e-38	-7.7881e-42	-1.3186e-38	-8.59189e-42	2.30245e-41	4.78977e-39	4.76062e-39	2.29823e-41	2.29897e-41	4.76926e-39	2.30071e-41	4.77976e-39	6.40463e-39	3.5112e-41	1.06039e-37	1.48901e-38	0	0.556952	0.146727	0	0	-7.04167e-42	-5.47309e-38	-4.62908e-39	0	0	-7.05021e-42	6.93726e-42	6.94589e-42	799.993	26.6664	-2.5609e-21	1	0	0	-4.52618e-44	
553632	298.792	32.1507	-7.44407e-52	-4.82593e-55	49820	1187.86	47.9343	49820	-3.65028e-45	-3.65615e-45	1161.32	46.8257	1133.49	45.7487	0.141908	0.554114	1.65265e-44	3.41647e-16	3.41801	2.7849	2.23602	4.02949	0.00343992	0.00288654	0.00242496	0.00244421	6.42665e-47	2.53786e-16	47.3763	1174.84	1.65e-44	3.40615e-16	46.2706	1158.2	0.0037597	4.21153	46.2824	1147.48	-3.6581e-48	1156.34	46.1188	-1.83483e-48	0.554999	0.142135	0.108187	3.94377	1152.13	45.822	1147.92	45.5833	3.09413	0.00264546	1.68774	0.00817563	2.49719	0.00222399	0.00315041	3.74098	5.12011e-47	8.80787e-17	-1.83317e-48	1453.79	69.7478	43.4332	13.3441	-6.96505e-48	5.44735e-17	8.47598e-48	1154.31	45.97	1149.84	45.6749	90.8857	9.77982	5.78031e-17	-4.25961e-48	10797.5	202169	8.48738e-48	9.77982	90.8857	5.11995e-47	8.80787e-17	500	0.10323	0.0112011	9.78019	90.8859	-3.65864e-48	0.036417	0.337576	6.00011e-47	1.01964e-16	0	11864.7	469.143	11734.8	463.756	239241	26078.9	458.441	11599.9	11322.1	448.04	453.195	11461.7	39.4574	1.04664	45.3126	1156.87	0.84056	169.063	0.29811	342.509	250.307	0.23045	0.354464	403.709	279.119	0.251	421.91	0.386979	0.0251349	224.149	45.1662	1155.01	0.324996	374.838	310.082	0.273518	1148.52	44.7383	45.0228	1152.99	1146.61	44.6501	44.8801	1150.81	68.2999	1452.11	10709.2	202100	-2.1393e-45	9.77984	90.8857	-2.13737e-45	0	0	1.11057e-48	-4.81709e-48	1.09918e-48	-4.75156e-48	-4.6148e-48	1.07694e-48	-4.68389e-48	1.08797e-48	-4.54498e-48	1.06609e-48	9.18324e-50	2.08692e-51	-4.65487e-48	1.08127e-48	-1.2014e-52	1.24208e-49	-9.55983e-53	1.06317e-49	-1.37111e-52	1.31415e-49	-3.07297e-52	4.95495e-50	-1.03622e-52	1.12562e-49	-3.7642e-48	1.04233e-47	-5.67701e-47	1.31904e-47	-9.12243e-53	1.00064e-49	-1.28579e-52	1.28793e-49	1.18624e-49	-1.11812e-52	-1.45775e-52	1.30193e-49	-5.62334e-47	1.30861e-47	-5.65977e-47	1.31561e-47	-5.60703e-47	1.30637e-47	-7.1564e-47	1.99299e-47	1.31214e-47	-5.64184e-47	5.12287e-47	2.18518e-45	-6.47859e-46	8.80565e-17	439.94	1.19226e-41	5.73291e-44	1.17802e-41	5.71056e-44	5.68833e-44	1.16324e-41	1.14808e-41	5.6662e-44	1.13273e-41	5.64419e-44	-3.51637e-42	-2.05554e-45	6.90411e-44	1.43943e-41	-1.4792e-41	-5.29401e-44	-2.25796e-44	-3.8945e-41	-2.1109e-45	-3.53624e-41	-4.05142e-41	-2.40802e-44	-2.1868e-44	-3.7827e-41	-2.48774e-44	-4.05525e-41	6.89853e-44	1.43683e-41	-3.66165e-41	-2.11801e-44	-3.98888e-41	-2.33162e-44	-3.94765e-41	-2.57226e-44	6.89331e-44	1.43401e-41	1.42528e-41	6.88066e-44	6.88289e-44	1.42787e-41	6.88809e-44	1.43102e-41	1.91748e-41	1.05122e-43	3.17453e-40	4.45794e-41	0	0.554381	0.142372	0	0	9.8829e-45	-1.63854e-40	-1.38586e-41	0	0	9.89619e-45	-7.7436e-45	-7.75883e-45	793.571	26.4524	-2.5609e-21	1	0	0	1.25542e-45	
560640	297.231	29.3816	9.0632e-52	1.39191e-53	49820	1196.33	55.0662	49820	-4.38394e-45	-4.39098e-45	1169.45	53.6698	1141.28	52.317	0.137626	0.551699	-2.48409e-43	1.20586e-14	3.37553	2.74713	2.2032	3.98384	0.00283178	0.00234067	0.00193717	0.00207266	-9.13627e-46	3.69427e-14	54.3629	1183.14	-2.48012e-43	1.19695e-14	52.932	1166.27	0.00311858	4.16603	52.9869	1155.44	-4.40056e-48	1164.39	52.7395	-2.2036e-48	0.55258	0.137845	0.134702	3.93228	1160.14	52.3629	1155.89	52.0598	3.05393	0.00212916	1.67034	0.00683278	2.4619	0.00176383	0.00257393	3.69656	-7.51137e-46	1.07531e-14	-2.20161e-48	1463.98	79.8223	43.8025	14.1693	-8.37463e-48	-2.37482e-15	-1.23088e-46	1162.34	52.5506	1157.83	52.1763	90.411	8.93751	9.32177e-15	-5.13896e-48	11354.6	202587	-1.23234e-46	8.93751	90.411	-7.51138e-46	1.07531e-14	500	0.102691	0.0102453	8.93787	90.4112	-4.40208e-48	0.0332894	0.335814	-8.74891e-46	1.23247e-14	0	11950	538.625	11818.3	531.845	237981	23856.1	525.164	11681.7	11400.5	512.116	518.578	11541.9	39.3405	1.30062	51.8109	1165	0.703895	167.306	0.242394	338.217	246.741	0.183363	0.292486	399.098	275.303	0.201131	417.314	0.321687	0.0212657	220.832	51.6255	1163.13	0.266202	370.35	306.021	0.220777	1156.57	51.0831	51.4436	1161.08	1154.64	50.9709	51.2628	1158.88	78.1262	1462.38	11265.4	202521	-2.56927e-45	8.93753	90.411	-2.56695e-45	0	0	2.61644e-49	-8.53675e-48	2.59096e-49	-8.38961e-48	-8.08759e-48	2.54208e-49	-8.23946e-48	2.56619e-49	-7.93556e-48	2.51858e-49	4.35098e-49	9.51352e-52	-8.19727e-48	2.56673e-49	5.07355e-52	5.32957e-49	4.71837e-52	4.74917e-49	5.33337e-52	5.51656e-49	1.11926e-51	2.04399e-49	4.83304e-52	4.95643e-49	-1.17204e-47	7.9482e-49	-9.99682e-47	3.1332e-48	4.71034e-52	4.53871e-49	5.20047e-52	5.46325e-49	5.15377e-49	4.95131e-52	5.47546e-52	5.41441e-49	-9.90097e-47	3.11345e-48	-9.96601e-47	3.12703e-48	-9.87332e-47	3.10879e-48	-1.27303e-46	4.73009e-48	3.1205e-48	-9.93398e-47	-7.51261e-46	1.02213e-46	2.64111e-45	1.07444e-14	439.94	1.24556e-40	5.98922e-43	1.23068e-40	5.96588e-43	5.94265e-43	1.21524e-40	1.19941e-40	5.91953e-43	1.18337e-40	5.89654e-43	-3.67369e-41	-2.1475e-44	7.21279e-43	1.50378e-40	-1.54538e-40	-5.53084e-43	-2.35898e-43	-4.06874e-40	-2.20533e-44	-3.69445e-40	-4.23268e-40	-2.51575e-43	-2.28463e-43	-3.95194e-40	-2.59904e-43	-4.23668e-40	7.20696e-43	1.50106e-40	-3.82548e-40	-2.21276e-43	-4.16735e-40	-2.43592e-43	-4.12426e-40	-2.68733e-43	7.2015e-43	1.49812e-40	1.489e-40	7.18829e-43	7.19062e-43	1.49171e-40	7.19605e-43	1.49499e-40	2.00321e-40	1.09822e-42	3.31662e-39	4.65725e-40	0	0.551952	0.138079	0	0	-1.43508e-43	-1.71185e-39	-1.44786e-40	0	0	-1.43679e-43	1.08208e-11	-6.05971e-11	787.202	26.2401	-2.5609e-21	1	0	0	2.08563e-45	
567648	295.758	26.6978	1.65924e-55	1.18951e-58	49820	1204.43	63.466	49820	8.82311e-49	8.83727e-49	1177.23	61.694	1148.73	59.9827	0.133474	0.549418	-5.3585e-46	8.75293e-16	3.33567	2.71173	2.17246	3.94098	0.00229911	0.00186748	0.00151901	0.00180708	-1.98002e-48	-2.96937e-15	62.5728	1191.08	-5.34992e-46	8.88484e-16	60.7065	1174	0.00255432	4.1233	60.8293	1163.05	8.84512e-52	1172.1	60.4615	4.43497e-52	0.550296	0.133687	0.169616	3.92203	1167.8	59.9821	1163.51	59.5964	3.01622	0.00168405	1.654	0.00564559	2.42882	0.00137179	0.00207156	3.65487	-1.62355e-48	-7.75143e-16	4.43096e-52	1473.73	91.5955	44.1643	15.0306	1.68393e-51	6.19154e-17	-2.66275e-49	1170.02	60.221	1165.47	59.7448	89.9626	8.12115	-1.90468e-15	1.03057e-51	11912.8	202985	-2.66595e-49	8.12115	89.9626	-1.62355e-48	-7.75143e-16	500	0.102182	0.009319	8.1215	89.9628	8.84678e-52	0.0302581	0.334149	-1.89201e-48	-5.66654e-16	0	12031.5	620.502	11898.3	611.901	236791	21696.3	603.436	11760	11475.6	586.948	595.107	11618.5	39.236	1.6351	59.4003	1172.78	0.582648	165.656	0.193904	334.19	243.398	0.143068	0.237998	394.768	271.726	0.158197	412.998	0.264015	0.0184323	217.726	59.1644	1170.89	0.214769	366.139	302.211	0.175122	1164.26	58.4743	58.9329	1168.82	1162.31	58.3314	58.7028	1166.6	89.6165	1472.19	11823.8	202922	5.1709e-49	8.12117	89.9627	5.16623e-49	0	0	8.61241e-53	-6.22343e-51	8.69464e-53	-6.12043e-51	-5.90862e-51	8.85697e-53	-6.01518e-51	8.77623e-53	-5.80186e-51	8.93505e-53	2.66857e-52	1.37754e-55	-5.98474e-51	9.14185e-53	3.01676e-55	3.29202e-52	2.81253e-55	2.931e-52	3.16673e-55	3.40861e-52	6.63759e-55	1.26309e-52	2.87842e-55	3.05993e-52	-8.49948e-51	4.26937e-52	-7.29945e-50	1.12287e-51	2.7914e-55	2.80005e-52	3.08994e-55	3.37522e-52	3.18267e-52	2.9464e-55	3.24902e-55	3.34576e-52	-7.23211e-50	1.13547e-51	-7.27784e-50	1.12746e-51	-7.21262e-50	1.13775e-51	-9.27728e-50	1.67461e-51	1.1317e-51	-7.25533e-50	-1.62387e-48	6.75357e-50	3.89016e-49	-7.56124e-16	439.94	2.15222e-43	1.03489e-45	2.12652e-43	1.03085e-45	1.02684e-45	2.09983e-43	2.07247e-43	1.02284e-45	2.04477e-43	1.01887e-45	-6.34783e-44	-3.71069e-47	1.24631e-45	2.5984e-43	-2.67028e-43	-9.55682e-46	-4.07611e-46	-7.03043e-43	-3.81062e-47	-6.38369e-43	-7.3137e-43	-4.347e-46	-3.94764e-46	-6.82861e-43	-4.49091e-46	-7.32062e-43	1.2453e-45	2.59371e-43	-6.61009e-43	-3.82346e-46	-7.20082e-43	-4.20907e-46	-7.12638e-43	-4.64348e-46	1.24436e-45	2.58862e-43	2.57287e-43	1.24207e-45	1.24248e-45	2.57754e-43	1.24342e-45	2.58322e-43	3.46138e-43	1.89762e-45	5.73084e-42	8.04733e-43	0	0.549657	0.133911	0	0	-3.10452e-46	-2.95792e-42	-2.50178e-43	0	0	-3.10826e-46	3.09935e-46	3.10309e-46	780.883	26.0294	-2.5609e-21	1	0	0	-3.23259e-50	
574656	294.366	24.1401	2.59907e-59	2.02067e-62	49820	1212.17	73.306	49820	1.28697e-52	1.28903e-52	1184.66	71.0457	1155.85	68.8707	0.129517	0.547265	-1.95657e-48	-3.32876e-16	3.29826	2.67852	2.14366	3.90073	0.00184349	0.0014676	0.00117019	0.00166415	-7.22695e-51	-6.79722e-16	72.1656	1198.66	-1.95344e-48	-3.31103e-16	69.7213	1181.38	0.00206895	4.08316	69.9456	1170.32	1.28986e-55	1179.46	69.4095	6.46899e-56	0.54814	0.129724	0.215437	3.91289	1175.13	68.7991	1170.8	68.3093	2.98085	0.00131029	1.63865	0.00461907	2.39781	0.00104723	0.00164438	3.61573	-5.92715e-51	-2.01423e-16	6.46314e-56	1483.05	105.27	44.5186	15.9265	2.45582e-55	2.92434e-17	-9.72029e-52	1177.37	69.1033	1172.77	68.4973	89.5393	7.34316	-1.64528e-16	1.50223e-55	12466.2	203365	-9.73197e-52	7.34316	89.5393	-5.92715e-51	-2.01423e-16	500	0.101702	0.00843624	7.3435	89.5395	1.29006e-55	0.0273694	0.332577	-6.90695e-51	-2.32859e-16	0	12109.5	716.515	11974.7	705.541	235667	19632.3	694.761	11834.9	11547.3	673.816	684.17	11691.8	39.1429	2.07438	68.211	1180.22	0.477424	164.105	0.152752	330.411	240.266	0.109548	0.191208	390.702	268.371	0.12222	408.943	0.214218	0.016797	214.816	67.9107	1178.3	0.170855	362.185	298.638	0.136616	1171.62	67.0322	67.6158	1176.21	1169.65	66.851	67.3229	1173.98	102.978	1481.58	12378.3	203305	7.54245e-53	7.34319	89.5393	7.53564e-53	0	0	2.21608e-55	-1.44926e-53	2.2333e-55	-1.4251e-53	-1.37544e-53	2.26734e-55	-1.40042e-53	2.2504e-55	-1.35041e-53	2.28369e-55	6.3598e-55	3.72361e-58	-1.39326e-53	2.3348e-55	7.18285e-58	7.84169e-55	6.69562e-58	6.98032e-55	7.54079e-58	8.12071e-55	1.5808e-57	3.00969e-55	6.85277e-58	7.28783e-55	-1.9709e-53	1.19132e-54	-1.69928e-52	2.86615e-54	6.64649e-58	6.66807e-55	7.3575e-58	8.04051e-55	7.58068e-55	7.01494e-58	7.73727e-58	7.97164e-55	-1.68347e-52	2.89383e-54	-1.69421e-52	2.8763e-54	-1.6789e-52	2.89878e-54	-2.16023e-52	4.27907e-54	2.88562e-54	-1.68892e-52	-5.92831e-51	1.98915e-52	1.57549e-51	-2.01365e-16	439.94	8.02028e-46	3.85651e-48	7.92449e-46	3.84148e-48	3.82652e-48	7.82503e-46	7.72308e-46	3.81164e-48	7.61984e-46	3.79683e-48	-2.36552e-46	-1.38279e-49	4.64438e-48	9.68295e-46	-9.95081e-46	-3.56136e-48	-1.51896e-48	-2.6199e-45	-1.42003e-49	-2.37889e-45	-2.72546e-45	-1.61991e-48	-1.47109e-48	-2.54469e-45	-1.67354e-48	-2.72803e-45	4.64062e-48	9.66547e-46	-2.46326e-45	-1.42481e-48	-2.68339e-45	-1.56851e-48	-2.65565e-45	-1.73039e-48	4.63711e-48	9.64653e-46	9.58782e-46	4.6286e-48	4.6301e-48	9.60523e-46	4.6336e-48	9.62637e-46	1.28988e-45	7.07151e-48	2.1356e-44	2.99884e-45	0	0.54749	0.129931	0	0	-1.1333e-48	-1.10227e-44	-9.3229e-46	0	0	-1.13466e-48	1.13322e-48	1.13459e-48	774.615	25.8205	-2.5609e-21	1	0	0	6.38501e-52	
581664	293.052	21.747	-1.48697e-59	-1.15061e-62	49820	1219.55	84.7295	49820	-7.39627e-53	-7.40814e-53	1191.75	81.8408	1162.64	79.0722	0.125813	0.545232	9.25156e-50	-1.27344e-16	3.26316	2.64739	2.11667	3.86293	0.00146313	0.0011384	0.000887327	0.00166429	3.41785e-52	-3.95066e-16	83.2707	1205.9	9.23675e-50	-1.27324e-16	80.0695	1188.43	0.00166113	4.04546	80.4391	1177.27	-7.41299e-56	1186.49	79.6744	-3.71776e-56	0.546103	0.126014	0.275117	3.90476	1182.12	78.9006	1177.76	78.2822	2.94767	0.00100488	1.62422	0.0037514	2.36875	0.000786538	0.0012902	3.57899	2.80285e-52	1.19001e-16	-3.7144e-56	1491.95	121.003	44.8655	16.8552	-1.41139e-55	1.32517e-15	4.59671e-53	1184.38	79.286	1179.74	78.5184	89.1397	6.61523	-1.08811e-16	-8.63378e-56	13008	203727	4.60223e-53	6.61523	89.1397	2.80285e-52	1.19001e-16	500	0.101249	0.00761027	6.61554	89.1399	-7.41419e-56	0.0246664	0.331093	3.26624e-52	9.79184e-17	0	12183.9	828.158	12047.6	814.123	234606	17695.3	800.36	11906.3	11615.7	773.701	786.865	11761.7	39.06	2.64732	78.3428	1187.32	0.388153	162.648	0.118728	326.865	237.329	0.082487	0.15199	386.884	265.225	0.0929081	405.135	0.172215	0.0165574	212.089	77.9619	1185.39	0.134293	358.473	295.286	0.10501	1178.65	76.8477	77.5877	1183.28	1176.66	76.6197	77.2161	1181.02	118.376	1490.55	12922.3	203670	-4.33468e-53	6.61525	89.1397	-4.33077e-53	0	0	-1.09964e-56	7.6933e-55	-1.10957e-56	7.56566e-55	7.30321e-55	-1.12917e-56	7.43524e-55	-1.11942e-56	7.17093e-55	-1.1386e-56	-3.32536e-56	-1.77455e-59	7.39749e-55	-1.16466e-56	-3.75801e-59	-4.10154e-56	-3.50342e-59	-3.65149e-56	-3.94499e-59	-4.24704e-56	-8.26928e-59	-1.57386e-56	-3.58555e-59	-3.81219e-56	1.04917e-54	-5.6286e-56	9.02247e-54	-1.43027e-55	-3.4772e-59	-3.48828e-56	-3.84926e-59	-4.20532e-56	-3.9652e-56	-3.67029e-59	-4.04761e-59	-4.16885e-56	8.93899e-54	-1.44565e-55	8.99567e-54	-1.43588e-55	8.91483e-54	-1.44842e-55	1.14681e-53	-2.13371e-55	-1.44106e-55	8.96777e-54	2.8034e-52	-9.09757e-54	-6.03078e-53	1.16739e-16	439.94	-3.75704e-47	-1.80655e-49	-3.71217e-47	-1.79951e-49	-1.79251e-49	-3.66558e-47	-3.61782e-47	-1.78553e-49	-3.56946e-47	-1.7786e-49	1.10811e-47	6.47759e-51	-2.17562e-49	-4.53591e-47	4.66139e-47	1.66829e-49	7.11548e-50	1.22727e-46	6.65203e-51	1.11437e-46	1.27672e-46	7.58837e-50	6.89122e-50	1.19204e-46	7.83958e-50	1.27793e-46	-2.17387e-49	-4.52772e-47	1.15389e-46	6.67444e-50	1.25701e-46	7.34758e-50	1.24402e-46	8.10591e-50	-2.17222e-49	-4.51885e-47	-4.49135e-47	-2.16823e-49	-2.16894e-49	-4.4995e-47	-2.17058e-49	-4.50941e-47	-6.04237e-47	-3.3126e-49	-1.00041e-45	-1.40479e-46	0	0.545445	0.126198	0	0	5.35934e-50	5.16351e-46	4.36724e-47	0	0	5.36579e-50	-5.35501e-50	-5.36146e-50	768.397	25.6132	-2.5609e-21	1	0	0	-9.01495e-54	
588672	291.812	19.5503	-9.96126e-63	-7.68342e-66	49820	1226.61	97.8225	49820	-4.96961e-56	-4.97759e-56	1198.52	94.1375	1169.12	90.6208	0.122413	0.543314	3.22915e-52	3.46082e-16	3.23022	2.61819	2.09139	3.82744	0.00115307	0.000874324	0.00066431	0.00183296	1.19277e-54	5.10295e-16	95.9597	1212.81	3.22399e-52	3.44419e-16	91.7866	1195.16	0.00132622	4.01004	92.3548	1183.89	-4.9809e-59	1193.21	91.2901	-2.49799e-59	0.544182	0.122608	0.351884	3.89752	1188.8	90.3176	1184.4	89.5456	2.91655	0.000761959	1.61067	0.00303401	2.34151	0.000583538	0.00100373	3.5445	9.78237e-55	2.01097e-16	-2.49573e-59	1500.45	138.869	45.205	17.8141	-9.48327e-59	2.42256e-16	1.60427e-55	1191.08	90.8019	1186.4	89.8378	88.7625	5.94701	1.20316e-16	-5.80128e-59	13531.5	204072	1.6062e-55	5.94701	88.7625	9.78237e-55	2.01097e-16	500	0.100821	0.00685205	5.94729	88.7627	-4.98171e-59	0.0221853	0.329693	1.13995e-54	2.30451e-16	0	12255	956.401	12117.3	938.469	233605	15911.7	920.922	11974.5	11681	887.041	903.75	11828.5	38.9863	3.38593	89.8418	1194.1	0.31408	161.279	0.0913186	323.537	234.577	0.0613058	0.119898	383.298	262.275	0.0696912	401.558	0.137595	0.0179594	209.534	89.3624	1192.15	0.104602	354.989	292.141	0.0797591	1185.36	87.9603	88.8912	1190.03	1183.36	87.6774	88.4236	1187.75	135.9	1499.11	13449.1	204018	-2.91251e-56	5.94703	88.7626	-2.90988e-56	0	0	-2.58886e-59	1.69898e-57	-2.60865e-59	1.67069e-57	1.61254e-57	-2.64782e-59	1.64179e-57	-2.62833e-59	1.58323e-57	-2.66664e-59	-7.42972e-59	-4.40943e-62	1.63341e-57	-2.7264e-59	-8.39131e-62	-9.16155e-59	-7.82243e-62	-8.15546e-59	-8.80921e-62	-9.48729e-59	-1.84664e-61	-3.51608e-59	-8.00592e-62	-8.51465e-59	2.31191e-57	-1.37217e-58	1.99219e-56	-3.34677e-58	-7.76537e-62	-7.79071e-59	-8.59522e-62	-9.39371e-59	-8.85671e-59	-8.19527e-62	-9.03859e-62	-9.31301e-59	1.97368e-56	-3.37882e-58	1.98625e-56	-3.35853e-58	1.96833e-56	-3.38454e-58	2.5325e-56	-4.99703e-58	-3.36932e-58	1.98006e-56	9.78427e-55	-2.2752e-56	-1.72465e-55	2.0093e-16	439.94	-1.32224e-49	-6.35792e-52	-1.30645e-49	-6.33314e-52	-6.30848e-52	-1.29005e-49	-1.27324e-49	-6.28394e-52	-1.25622e-49	-6.25953e-52	3.89985e-50	2.2797e-53	-7.65681e-52	-1.59635e-49	1.64051e-49	5.87133e-52	2.5042e-52	4.31921e-49	2.34109e-53	3.92188e-49	4.49324e-49	2.67062e-52	2.42527e-52	4.19522e-49	2.75903e-52	4.49749e-49	-7.65063e-52	-1.59347e-49	4.06097e-49	2.34898e-52	4.42389e-49	2.58588e-52	4.37816e-49	2.85276e-52	-7.64483e-52	-1.59035e-49	-1.58067e-49	-7.63081e-52	-7.63328e-52	-1.58354e-49	-7.63905e-52	-1.58702e-49	-2.12653e-49	-1.16582e-51	-3.52079e-48	-4.94395e-49	0	0.543515	0.122763	0	0	1.87044e-52	1.81723e-48	1.53699e-49	0	0	1.87269e-52	-1.87015e-52	-1.8724e-52	762.229	25.4076	-2.5609e-21	1	0	0	-6.20303e-56	
595680	290.642	17.5716	1.08665e-64	9.22594e-68	49820	1233.34	112.584	49820	4.92519e-58	4.93309e-58	1204.97	107.911	1175.31	103.471	0.119349	0.541503	-1.4626e-53	-1.2001e-17	3.1993	2.59081	2.06769	3.7941	0.000905822	0.000667532	0.000493066	0.00220126	-5.40234e-56	-2.89055e-16	110.219	1219.41	-1.46026e-53	-1.14509e-17	104.829	1201.58	0.00105692	3.97678	105.657	1190.21	4.9348e-61	1199.62	104.213	2.47567e-61	0.542369	0.119539	0.448923	3.8911	1195.17	103.007	1190.74	102.057	2.88734	0.000573561	1.59794	0.00245275	2.31597	0.000430336	0.000777317	3.51212	-4.43072e-56	-6.41139e-17	2.47343e-61	1508.56	158.828	45.5373	18.8002	9.39643e-61	1.2262e-16	-7.2662e-57	1197.47	103.607	1192.76	102.412	88.4066	5.34514	-8.13925e-17	5.74427e-61	14030.5	204402	-7.27492e-57	5.34514	88.4066	-4.43072e-56	-6.41139e-17	500	0.100417	0.00616912	5.34539	88.4068	4.93542e-61	0.0199505	0.328371	-5.16315e-56	-7.31012e-17	0	12322.8	1101.39	12183.7	1078.6	232660	14300.2	1056.34	12039.6	11743.4	1013.52	1034.61	11892.2	38.9209	4.32233	102.678	1200.57	0.253871	159.993	0.0697722	320.413	231.996	0.0452366	0.0942167	379.931	259.509	0.051788	398.198	0.109663	0.021305	207.139	102.082	1198.61	0.0810489	351.718	289.191	0.0600965	1191.76	100.339	101.496	1196.47	1189.75	99.9948	100.915	1194.17	155.531	1507.28	13952.3	204350	2.88647e-58	5.34516	88.4066	2.88387e-58	0	0	1.26091e-60	-8.08584e-59	1.2699e-60	-7.95105e-59	-7.67394e-59	1.28769e-60	-7.81334e-59	1.27883e-60	-7.5343e-59	1.29624e-60	3.55016e-60	2.19601e-63	-7.7734e-59	1.32508e-60	4.00879e-63	4.37729e-60	3.73696e-63	3.89646e-60	4.20849e-63	4.53305e-60	8.82224e-63	1.68004e-60	3.82463e-63	4.06812e-60	-1.09945e-58	6.74968e-60	-9.48079e-58	1.62634e-59	3.71003e-63	3.72216e-60	4.10623e-63	4.48828e-60	4.23159e-60	3.91511e-63	4.31811e-63	4.44984e-60	-9.39256e-58	1.64121e-59	-9.45247e-58	1.63181e-59	-9.36704e-58	1.64385e-59	-1.20526e-57	2.42907e-59	1.63682e-59	-9.42298e-58	-4.43159e-56	1.12747e-57	8.85431e-57	-6.4044e-17	439.94	5.99798e-51	2.8841e-53	5.92634e-51	2.87285e-53	2.86167e-53	5.85196e-51	5.77572e-51	2.85054e-53	5.69851e-51	2.83946e-53	-1.76906e-51	-1.03412e-54	3.4733e-53	7.24141e-51	-7.44173e-51	-2.66337e-53	-1.13596e-53	-1.95929e-50	-1.06197e-54	-1.77905e-50	-2.03824e-50	-1.21145e-53	-1.10016e-53	-1.90305e-50	-1.25156e-53	-2.04016e-50	3.4705e-53	7.22833e-51	-1.84215e-50	-1.06555e-53	-2.00678e-50	-1.17301e-53	-1.98603e-50	-1.29408e-53	3.46787e-53	7.21417e-51	7.17027e-51	3.46151e-53	3.46263e-53	7.18329e-51	3.46524e-53	7.1991e-51	9.64642e-51	5.28844e-53	1.59711e-49	2.24269e-50	0	0.541693	0.119662	0	0	-8.47173e-54	-8.24336e-50	-6.97214e-51	0	0	-8.48191e-54	8.47144e-54	8.48162e-54	756.111	25.2037	-2.5609e-21	1	0	0	3.64628e-57	
602688	289.538	15.821	-2.54664e-65	-1.99475e-68	49820	1239.75	128.908	49820	-1.25227e-58	-1.25428e-58	1211.13	123.037	1181.2	117.486	0.116637	0.539795	-1.07534e-54	2.23924e-16	3.17028	2.56512	2.04547	3.7628	0.00071236	0.000508961	0.000364597	0.00280472	-3.97179e-57	2.39737e-16	125.934	1225.7	-1.07362e-54	2.2338e-16	119.062	1207.71	0.000844245	3.94552	120.216	1196.24	-1.25506e-61	1205.73	118.311	-6.29459e-62	0.540658	0.116824	0.568908	3.88541	1201.25	116.839	1196.79	115.694	2.85994	0.00043064	1.58597	0.00198983	2.29201	0.000318337	0.000601891	3.48172	-3.25753e-57	2.04201e-17	-6.2889e-62	1516.29	180.705	45.8625	19.8104	-2.38958e-61	-2.86892e-16	-5.34217e-58	1203.56	117.572	1198.82	116.114	88.0708	4.81264	5.29512e-17	-1.46167e-61	14499.5	204716	-5.34858e-58	4.81264	88.0708	-3.25753e-57	2.04201e-17	500	0.100036	0.0055649	4.81286	88.071	-1.25526e-61	0.0179733	0.327124	-3.796e-57	2.94687e-17	0	12387.4	1262.22	12247.1	1233.51	231769	12870.5	1205.54	12101.6	11802.8	1151.91	1178.29	11952.9	38.8628	5.48436	116.731	1206.75	0.205793	158.784	0.0531958	317.482	229.576	0.0334253	0.0740632	376.769	256.913	0.0383076	395.041	0.0875434	0.026944	204.894	116.002	1204.77	0.0627433	348.647	286.422	0.0451284	1197.86	113.87	115.285	1202.61	1195.84	113.461	114.574	1200.3	177.116	1515.08	14426.4	204667	-7.33911e-59	4.81266	88.0709	-7.33248e-59	0	0	7.90172e-62	-4.93378e-60	7.95409e-62	-4.8514e-60	-4.68205e-60	8.05791e-62	-4.76724e-60	8.00621e-62	-4.59671e-60	8.10777e-62	2.17797e-61	1.39761e-64	-4.74281e-60	8.28659e-62	2.45866e-64	2.68509e-61	2.29188e-64	2.39004e-61	2.58119e-64	2.78073e-61	5.41108e-64	1.03063e-61	2.34567e-64	2.49536e-61	-6.70164e-60	4.29226e-61	-5.78451e-59	1.0169e-60	2.27551e-64	2.28309e-61	2.51845e-64	2.75322e-61	2.59568e-61	2.40118e-64	2.64846e-64	2.72974e-61	-5.73057e-59	1.02574e-60	-5.76719e-59	1.02016e-60	-5.71497e-59	1.0273e-60	-7.35404e-59	1.51927e-60	1.02314e-60	-5.74917e-59	-3.25816e-57	7.24031e-59	5.93979e-58	2.07316e-17	439.94	4.41834e-52	2.12453e-54	4.36556e-52	2.11625e-54	2.10801e-54	4.31077e-52	4.25461e-52	2.09981e-54	4.19774e-52	2.09166e-54	-1.30316e-52	-7.61774e-56	2.55857e-54	5.33429e-52	-5.48186e-52	-1.96193e-54	-8.36791e-55	-1.44329e-51	-7.82288e-56	-1.31052e-51	-1.50144e-51	-8.92403e-55	-8.10417e-55	-1.40186e-51	-9.21946e-55	-1.50286e-51	2.5565e-54	5.32466e-52	-1.357e-51	-7.84923e-55	-1.47827e-51	-8.64086e-55	-1.46298e-51	-9.53266e-55	2.55456e-54	5.31423e-52	5.28189e-52	2.54987e-54	2.5507e-54	5.29148e-52	2.55263e-54	5.30312e-52	7.10591e-52	3.89566e-54	1.17649e-50	1.65205e-51	0	0.539974	0.116913	0	0	-6.22848e-55	-6.07236e-51	-5.13594e-52	0	0	-6.23597e-55	6.22922e-55	6.2367e-55	750.042	25.0014	2.85276e-20	1	0	0	2.80041e-58	
609696	288.497	14.2966	1.71451e-66	1.3035e-69	49820	1245.87	146.574	49820	8.67036e-60	8.68429e-60	1217	139.294	1186.82	132.442	0.114275	0.538184	4.42685e-56	-3.33415e-16	3.14304	2.54102	2.02465	3.7334	0.000563207	0.000389378	0.000270013	0.00367968	1.63503e-58	-1.58212e-16	142.882	1231.69	4.41977e-56	-3.32688e-16	134.263	1213.55	0.000678614	3.91617	135.807	1201.98	8.69043e-63	1211.55	133.364	4.35819e-63	0.539044	0.114458	0.713498	3.88037	1207.05	131.603	1202.56	130.253	2.83422	0.000324119	1.57473	0.001626	2.26955	0.00023924	0.000468092	3.45317	1.34102e-58	-2.80679e-17	4.35425e-63	1523.67	204.192	46.1807	20.8413	1.65457e-62	1.09912e-16	2.19919e-59	1209.38	132.48	1204.6	130.736	87.7541	4.34892	-3.63004e-17	1.01226e-62	14934.7	205016	2.20183e-59	4.34892	87.7541	1.34102e-58	-2.80679e-17	500	0.0996763	0.00503872	4.34911	87.7542	8.69189e-63	0.0162514	0.325948	1.56268e-58	-3.36848e-17	0	12449.1	1436.9	12307.5	1401.18	230928	11622.4	1366.46	12160.8	11859.4	1300.12	1332.7	12010.8	38.8115	6.8905	131.792	1212.63	0.167932	157.649	0.0406637	314.73	227.306	0.0250327	0.0584911	373.799	254.479	0.0283542	392.075	0.0702806	0.0352413	202.79	130.917	1210.64	0.0487484	345.763	283.824	0.0339425	1203.69	128.359	130.056	1208.46	1201.65	127.886	129.203	1206.14	200.367	1522.51	14867.1	204969	5.08139e-60	4.34893	87.7541	5.0768e-60	0	0	-3.87718e-64	1.43549e-62	-3.85969e-64	1.41081e-62	1.36012e-62	-3.82737e-64	1.38561e-62	-3.84312e-64	1.33459e-62	-3.81221e-64	-6.96653e-64	-1.11145e-66	1.37821e-62	-3.88606e-64	-7.82645e-67	-8.57135e-64	-7.2934e-67	-7.62373e-64	-8.21881e-67	-8.88184e-64	-1.72356e-66	-3.29398e-64	-7.46512e-67	-7.96157e-64	1.91173e-62	-2.28951e-63	1.68072e-61	-4.75389e-63	-7.27518e-67	-7.28104e-64	-8.01783e-67	-8.79132e-64	-8.2837e-64	-7.64259e-67	-8.43441e-67	-8.72169e-64	1.66448e-61	-4.7532e-63	1.6755e-61	-4.75457e-63	1.65978e-61	-4.75306e-63	2.13894e-61	-7.15959e-63	-4.75444e-63	1.67007e-61	1.34128e-58	-4.15131e-61	-4.58646e-60	-2.81227e-17	439.94	-1.82081e-53	-8.75524e-56	-1.79906e-53	-8.72112e-56	-8.68717e-56	-1.77648e-53	-1.75333e-53	-8.65337e-56	-1.7299e-53	-8.61976e-56	5.37033e-54	3.13929e-57	-1.05439e-55	-2.19827e-53	2.25908e-53	8.08518e-56	3.44843e-56	5.94782e-53	3.22383e-57	5.40067e-53	6.18747e-53	3.67761e-56	3.33975e-56	5.77707e-53	3.79936e-56	6.19332e-53	-1.05354e-55	-2.1943e-53	5.59221e-53	3.23468e-56	6.09197e-53	3.56092e-56	6.02899e-53	3.92843e-56	-1.05274e-55	-2.19e-53	-2.17668e-53	-1.05081e-55	-1.05115e-55	-2.18063e-53	-1.05194e-55	-2.18543e-53	-2.92836e-53	-1.60541e-55	-4.84835e-52	-6.80812e-53	0	0.538353	0.114514	0	0	2.56405e-56	2.50243e-52	2.11653e-53	0	0	2.56713e-56	-2.56456e-56	-2.56764e-56	744.022	24.8007	3.47171e-20	1	0	0	-3.89365e-60	
616704	287.515	12.9863	8.56239e-70	6.49091e-73	49820	1251.69	165.269	49820	4.34389e-63	4.35087e-63	1222.59	156.378	1192.17	148.048	0.112245	0.536664	1.69131e-58	-1.21793e-16	3.11746	2.51841	2.00512	3.70578	0.000449371	0.000300243	0.000201306	0.00485763	6.24702e-61	-2.4789e-17	160.755	1237.39	1.6886e-58	-1.21516e-16	150.141	1219.12	0.000550832	3.88858	152.133	1207.45	4.35399e-66	1217.11	149.088	2.18347e-66	0.537522	0.112425	0.882904	3.87592	1212.57	147.024	1208.05	145.468	2.81009	0.000245712	1.56416	0.00134257	2.24848	0.000185742	0.000367145	3.42636	5.12353e-61	1.83779e-17	2.1815e-66	1530.7	228.87	46.4919	21.8895	8.28956e-66	1.29664e-16	8.40235e-62	1214.91	148.052	1210.1	146.008	87.4553	3.95036	-2.371e-17	5.07164e-66	15333.6	205303	8.41244e-62	3.95036	87.4553	5.12353e-61	1.83779e-17	500	0.0993373	0.00458648	3.95052	87.4554	4.35473e-66	0.0147715	0.324839	5.97047e-61	2.56016e-17	0	12507.8	1622.4	12365	1578.62	230135	10547.5	1536.16	12217.1	11913.3	1455.31	1494.97	12065.9	38.766	8.54534	147.579	1218.24	0.138402	156.582	0.0313068	312.146	225.177	0.0193097	0.0465894	371.01	252.194	0.0211098	389.289	0.0569452	0.0465228	200.817	146.551	1216.23	0.0381734	343.055	281.386	0.0256941	1209.24	143.544	145.539	1214.04	1207.19	143.012	144.536	1211.7	224.88	1529.59	15271.9	205258	2.5458e-63	3.95037	87.4553	2.5435e-63	0	0	-6.33976e-67	3.80716e-65	-6.37704e-67	3.74327e-65	3.61198e-65	-6.45145e-67	3.67802e-65	-6.41432e-67	3.54583e-65	-6.48737e-67	-1.70607e-66	-1.18474e-69	3.65905e-65	-6.6294e-67	-1.92536e-69	-2.10266e-66	-1.7945e-69	-1.87136e-66	-2.02154e-69	-2.17778e-66	-4.23837e-69	-8.0725e-67	-1.8367e-69	-1.95391e-66	5.15718e-65	-3.60117e-66	4.46263e-64	-8.1345e-66	-1.7826e-69	-1.78756e-66	-1.97228e-69	-2.15612e-66	-2.03255e-66	-1.88025e-69	-2.07434e-69	-2.13797e-66	4.42078e-64	-8.20295e-66	4.44919e-64	-8.15977e-66	4.40868e-64	-8.21555e-66	5.67439e-64	-1.21625e-65	-8.18285e-66	4.43521e-64	5.12453e-61	-6.20587e-64	-5.76972e-63	1.86078e-17	439.94	-6.94129e-56	-3.33768e-58	-6.85838e-56	-3.32467e-58	-3.31173e-58	-6.77231e-56	-6.68407e-56	-3.29885e-58	-6.59472e-56	-3.28603e-58	2.04728e-56	1.19676e-59	-4.01955e-58	-8.38028e-56	8.6121e-56	3.08224e-58	1.31461e-58	2.26743e-55	1.22899e-59	2.05885e-55	2.35879e-55	1.40198e-58	1.27318e-58	2.20234e-55	1.44839e-58	2.36102e-55	-4.01631e-58	-8.36514e-56	2.13187e-55	1.23313e-58	2.32239e-55	1.3575e-58	2.29838e-55	1.4976e-58	-4.01326e-58	-8.34875e-56	-8.29794e-56	-4.0059e-58	-4.0072e-58	-8.31301e-56	-4.01023e-58	-8.33131e-56	-1.11635e-55	-6.12016e-58	-1.84829e-54	-2.5954e-55	0	0.536823	0.112449	0	0	9.79638e-59	9.5398e-55	8.06866e-56	0	0	9.80816e-59	-9.79664e-59	-9.80841e-59	738.049	24.6016	3.47181e-20	1	0	0	-3.41248e-63	
623712	286.588	11.8715	4.83683e-70	3.71529e-73	49820	1257.24	184.615	49820	2.4229e-63	2.42679e-63	1227.91	173.935	1197.27	163.975	0.110518	0.535231	1.56392e-59	1.53029e-16	3.09345	2.49719	1.98681	3.67984	0.000362953	0.000234229	0.000151787	0.00635852	5.77633e-62	-2.4022e-16	179.187	1242.83	1.56142e-59	1.53273e-16	166.368	1224.42	0.000452727	3.86267	168.853	1212.66	2.42845e-66	1222.4	165.16	1.21788e-66	0.536086	0.110694	1.07568	3.872	1217.83	162.791	1213.29	161.041	2.78743	0.000188403	1.55424	0.00112275	2.22871	0.000151858	0.000291429	3.40119	4.73758e-62	-7.4372e-17	1.21678e-66	1537.39	254.253	46.7964	22.952	4.62356e-66	-1.08789e-17	7.76937e-63	1220.19	163.97	1215.35	161.626	87.1735	3.61126	-6.2542e-17	2.82854e-66	15695.6	205576	7.77869e-63	3.61126	87.1735	4.73758e-62	-7.4372e-17	500	0.0990176	0.00420171	3.6114	87.1737	2.42885e-66	0.0135125	0.323793	5.5207e-62	-8.48487e-17	0	12563.7	1815.03	12419.8	1762.26	229387	9631.69	1711.18	12270.7	11964.7	1614.25	1661.73	12118.4	38.726	10.4371	163.769	1223.59	0.115487	155.579	0.0243716	309.721	223.18	0.0156363	0.0375484	368.389	250.051	0.0158833	386.672	0.0467011	0.0610102	198.967	162.585	1221.57	0.030236	340.512	279.097	0.0196599	1214.53	159.123	161.42	1219.36	1212.47	158.545	160.265	1217.01	250.178	1536.34	15639.8	205533	1.41997e-63	3.61127	87.1735	1.41869e-63	0	0	-1.26881e-67	5.7679e-66	-1.26956e-67	5.66959e-66	5.46768e-66	-1.27136e-67	5.56922e-66	-1.27042e-67	5.36599e-66	-1.27224e-67	-2.71855e-67	-2.83293e-70	5.53986e-66	-1.29788e-67	-3.05917e-70	-3.34688e-67	-2.85088e-70	-2.97751e-67	-3.2124e-70	-3.46753e-67	-6.73627e-70	-1.28576e-67	-2.91802e-70	-3.10924e-67	7.7325e-66	-7.6462e-67	6.75609e-65	-1.58979e-66	-2.83476e-70	-2.84384e-67	-3.13391e-70	-3.43249e-67	-3.23481e-67	-2.98735e-70	-3.29657e-70	-3.4047e-67	6.69152e-65	-1.59545e-66	6.73534e-65	-1.59205e-66	6.67285e-65	-1.59635e-66	8.59525e-65	-2.38464e-66	-1.59398e-66	6.71376e-65	4.7385e-62	-1.38185e-64	-1.48089e-63	-7.42893e-17	439.94	-6.42916e-57	-3.09143e-59	-6.35237e-57	-3.07938e-59	-3.06739e-59	-6.27265e-57	-6.19092e-57	-3.05546e-59	-6.10817e-57	-3.04359e-59	1.89623e-57	1.10847e-60	-3.72299e-59	-7.76198e-57	7.9767e-57	2.85483e-59	1.21762e-59	2.10014e-56	1.13832e-60	1.90695e-56	2.18476e-56	1.29854e-59	1.17925e-59	2.03985e-56	1.34153e-59	2.18683e-56	-3.71998e-59	-7.74797e-57	1.97458e-56	1.14215e-59	2.15104e-56	1.25734e-59	2.1288e-56	1.38711e-59	-3.71717e-59	-7.73279e-57	-7.68573e-57	-3.71035e-59	-3.71155e-59	-7.69968e-57	-3.71436e-59	-7.71663e-57	-1.03399e-56	-5.66862e-59	-1.71193e-55	-2.40391e-56	0	0.535381	0.110691	0	0	9.05837e-60	8.83596e-56	7.47336e-57	0	0	9.06926e-60	1.08208e-11	8.65674e-12	732.125	24.4042	3.47183e-20	1	0	0	-1.17118e-63	
630720	285.715	10.9299	-5.09342e-70	-9.13854e-73	49820	1262.52	204.209	49820	1.2634e-64	1.26543e-64	1232.98	191.601	1202.12	179.892	0.109058	0.533879	-3.08964e-60	4.13562e-15	3.07091	2.47728	1.96963	3.65546	0.000297413	0.000185416	0.000116191	0.00818531	-1.14121e-62	2.06418e-14	197.795	1248.01	-3.08469e-60	4.08556e-15	182.61	1229.47	0.000377461	3.83831	185.618	1217.61	1.32538e-67	1227.44	181.252	6.35017e-68	0.534732	0.109233	1.28878	3.86855	1222.84	178.589	1218.27	176.665	2.76617	0.000146594	1.5449	0.000952352	2.21017	0.000132926	0.000234711	3.37754	-9.35961e-63	7.35326e-15	6.34417e-68	1543.77	279.834	47.0941	24.026	2.48922e-67	5.88315e-15	-1.53494e-63	1225.22	179.915	1220.35	177.278	86.9078	3.32483	5.06669e-15	1.66683e-67	16021	205838	-1.53678e-63	3.32483	86.9078	-9.35961e-63	7.35326e-15	500	0.0987161	0.0038767	3.32494	86.9079	1.33249e-67	0.0124489	0.322806	-1.09068e-62	8.36416e-15	0	12617	2010.79	12471.9	1948.26	228681	8857.28	1887.85	12321.8	12013.5	1773.61	1829.49	12168.4	38.6907	12.5377	180.025	1228.68	0.0977266	154.636	0.0192434	307.443	221.306	0.0135259	0.0306921	365.927	248.039	0.0121256	384.212	0.0388425	0.0787623	197.231	178.691	1226.64	0.0242903	338.124	276.949	0.0152576	1219.56	174.786	177.377	1224.43	1217.49	174.177	176.074	1222.06	275.754	1542.77	15971	205796	7.4039e-65	3.32484	86.9078	7.39692e-65	0	0	2.57136e-68	-8.09997e-67	2.5056e-68	-7.9663e-67	-7.69136e-67	2.38407e-68	-7.82969e-67	2.44322e-68	-7.55277e-67	2.32857e-68	3.46722e-68	1.83627e-70	-7.79008e-67	2.37984e-68	3.92031e-71	4.27661e-68	3.65668e-71	3.80792e-68	4.11429e-71	4.42782e-68	8.62149e-71	1.64067e-68	3.74118e-71	3.97532e-68	-1.10312e-66	8.72356e-68	-9.50143e-66	2.90304e-67	3.77402e-71	3.63788e-68	4.01499e-71	4.38457e-68	4.13467e-68	3.82923e-71	4.22068e-71	4.34606e-68	-9.41392e-66	2.87859e-67	-9.47335e-66	2.89527e-67	-9.38859e-66	2.87915e-67	-1.20754e-65	4.47982e-67	2.88714e-67	-9.4441e-66	-9.36143e-63	1.07603e-65	4.33898e-65	7.34389e-15	439.94	1.26694e-57	6.09201e-60	1.25181e-57	6.06826e-60	6.04464e-60	1.2361e-57	1.21999e-57	6.02112e-60	1.20368e-57	5.99773e-60	-3.73674e-58	-2.18435e-61	7.33657e-60	1.52959e-57	-1.5719e-57	-5.62576e-60	-2.39946e-60	-4.13857e-57	-2.24318e-61	-3.75785e-57	-4.30532e-57	-2.55893e-60	-2.32384e-60	-4.01976e-57	-2.64364e-60	-4.30939e-57	7.33064e-60	1.52682e-57	-3.89113e-57	-2.25073e-60	-4.23887e-57	-2.47773e-60	-4.19504e-57	-2.73345e-60	7.32509e-60	1.52383e-57	1.51456e-57	7.31165e-60	7.31402e-60	1.51731e-57	7.31955e-60	1.52065e-57	2.03759e-57	1.11706e-59	3.37354e-56	4.73718e-57	0	0.53402	0.109204	0	0	-1.7896e-60	-1.74122e-56	-1.47271e-57	0	0	-1.79175e-60	-2.16415e-11	-1.73135e-11	726.249	24.2083	3.47183e-20	1	0	0	-8.4356e-66	
637728	284.891	10.138	5.19216e-73	3.90821e-76	49820	1267.55	223.662	49820	2.64972e-66	2.65398e-66	1237.8	209.03	1206.73	195.495	0.107831	0.532605	-3.58094e-63	3.54614e-16	3.04973	2.45858	1.95351	3.63256	0.000247573	0.000149227	9.05531e-05	0.0103211	-1.3229e-65	4.50327e-17	216.212	1252.93	-3.5752e-63	3.54051e-16	198.56	1234.28	0.00031956	3.81543	202.106	1222.33	2.65592e-69	1232.23	197.062	1.33189e-69	0.533455	0.108003	1.5179	3.86552	1227.62	194.124	1223.02	192.054	2.7462	0.000116014	1.53613	0.000819906	2.19276	0.000125407	0.000192111	3.35533	-1.08487e-65	3.13542e-17	1.33069e-69	1549.85	305.133	47.3853	25.1088	5.05658e-69	7.97624e-17	-1.7792e-66	1230	195.587	1225.11	192.678	86.6572	3.08396	-8.40814e-18	3.09377e-69	16311.5	206087	-1.78134e-66	3.08396	86.6572	-1.08487e-65	3.13542e-17	500	0.0984317	0.00360339	3.08405	86.6573	2.65638e-69	0.0115546	0.321875	-1.26423e-65	4.19209e-17	0	12667.6	2205.75	12521.6	2132.92	228016	8205.66	2062.69	12370.4	12060.1	1930.29	1994.98	12215.9	38.6598	14.806	196.037	1233.53	0.0839301	153.75	0.0154439	305.304	219.548	0.012608	0.0254816	363.614	246.151	0.00942069	381.9	0.0328008	0.0996426	195.603	194.562	1231.48	0.0198274	335.88	274.932	0.0120397	1224.36	190.241	193.108	1229.25	1222.28	189.618	191.666	1226.87	301.122	1548.89	16267	206048	1.55291e-66	3.08396	86.6572	1.5515e-66	0	0	-4.61853e-70	3.81026e-70	-4.40735e-70	3.73266e-70	3.57397e-70	-4.01218e-70	3.6537e-70	-4.20536e-70	3.49419e-70	-3.82958e-70	-3.7687e-71	-4.5545e-72	3.62534e-70	-3.90402e-70	-4.04334e-74	-4.56285e-71	-3.82187e-74	-4.05034e-71	-4.21748e-74	-4.7362e-71	-8.78102e-74	-1.75995e-71	-3.87918e-74	-4.23232e-71	2.9243e-70	-1.32108e-69	4.4163e-69	-4.73387e-69	-7.56142e-74	-3.86635e-71	-4.12868e-74	-4.68376e-71	-4.40648e-71	-3.96032e-74	-4.31252e-74	-4.65527e-71	4.35924e-69	-4.61291e-69	4.39778e-69	-4.69321e-69	4.34253e-69	-4.60299e-69	5.67681e-69	-7.47041e-69	-4.65281e-69	4.37872e-69	-1.08508e-65	-1.4775e-67	-8.49069e-67	3.16516e-17	439.94	1.45523e-60	6.99741e-63	1.43785e-60	6.97014e-63	6.943e-63	1.41981e-60	1.40131e-60	6.91599e-63	1.38258e-60	6.88913e-63	-4.2921e-61	-2.509e-64	8.42695e-63	1.75692e-60	-1.80552e-60	-6.46188e-63	-2.75607e-63	-4.75365e-60	-2.57656e-64	-4.31635e-60	-4.94518e-60	-2.93924e-63	-2.66921e-63	-4.61718e-60	-3.03654e-63	-4.94986e-60	8.42014e-63	1.75374e-60	-4.46944e-60	-2.58524e-63	-4.86886e-60	-2.84597e-63	-4.81852e-60	-3.1397e-63	8.41376e-63	1.75031e-60	1.73965e-60	8.39833e-63	8.40105e-63	1.74281e-60	8.4074e-63	1.74665e-60	2.34042e-60	1.28308e-62	3.87492e-59	5.44123e-60	0	0.532738	0.107953	0	0	-2.07439e-63	-2.00001e-59	-1.69159e-60	0	0	-2.07688e-63	2.07283e-63	2.07533e-63	720.419	24.014	3.47183e-20	1	0	0	-1.00176e-66	
644736	284.114	9.47364	-3.532e-74	-4.67867e-77	49820	1272.34	242.633	49820	-6.12807e-68	-6.13791e-68	1242.39	225.926	1211.13	210.528	0.106801	0.531403	5.22383e-65	9.15209e-15	3.02984	2.44104	1.93839	3.61105	0.000209464	0.000122237	7.19864e-05	0.01273	1.93004e-67	5.62639e-14	234.119	1257.62	5.21547e-65	9.00719e-15	213.958	1238.86	0.000274781	3.79392	218.041	1226.82	-6.11592e-71	1236.8	212.335	-3.0803e-71	0.532252	0.106972	1.75796	3.86286	1232.16	209.146	1227.55	206.963	2.72745	9.35081e-05	1.52789	0.00071643	2.17643	0.000126609	0.00015993	3.33446	1.58267e-67	1.97336e-14	-3.07751e-71	1555.63	329.731	47.6699	26.1984	-1.16593e-70	1.5251e-14	2.59564e-68	1234.56	210.734	1229.64	207.578	86.421	2.88186	1.54312e-14	-7.07374e-71	16569.4	206326	2.59876e-68	2.88186	86.421	1.58267e-67	1.97336e-14	500	0.0981636	0.00337406	2.88194	86.4211	-6.11388e-71	0.0108041	0.320998	1.84435e-67	2.19789e-14	0	12715.9	2396.39	12568.8	2312.96	227389	7658.78	2232.65	12416.7	12104.4	2081.65	2155.34	12261.2	38.6327	17.1921	211.536	1238.14	0.0731615	152.918	0.0126135	303.295	217.898	0.0126014	0.0215015	361.441	244.378	0.00746392	379.728	0.0281329	0.12332	194.075	209.932	1236.09	0.0164598	333.772	273.038	0.00967428	1228.93	205.233	208.351	1233.84	1226.84	204.615	206.782	1231.45	325.853	1554.72	16529.9	206288	-3.59144e-68	2.88186	86.421	-3.58819e-68	0	0	8.71036e-72	-9.82396e-72	8.32242e-72	-9.62338e-72	-9.21349e-72	7.59613e-72	-9.41937e-72	7.95124e-72	-9.0076e-72	7.26029e-72	9.11895e-73	8.36769e-74	-9.34896e-72	7.39978e-72	9.84284e-76	1.10632e-72	9.26873e-76	9.81838e-73	1.0286e-75	1.14849e-72	2.14605e-75	4.26821e-73	9.42836e-76	1.02603e-72	-8.64988e-72	2.59507e-71	-1.13897e-70	8.97425e-71	1.60348e-75	9.37164e-73	1.00596e-75	1.13571e-72	1.06833e-72	9.63281e-76	1.05286e-75	1.12893e-72	-1.12457e-70	8.74948e-71	-1.1343e-70	8.89873e-71	-1.12038e-70	8.73019e-71	-1.46274e-70	1.41366e-70	8.82366e-71	-1.12949e-70	1.58298e-67	3.06936e-69	2.02491e-68	1.96822e-14	439.94	-2.11099e-62	-1.01506e-64	-2.08578e-62	-1.0111e-64	-1.00717e-64	-2.0596e-62	-2.03277e-62	-1.00325e-64	-2.00559e-62	-9.99351e-65	6.22621e-63	3.6396e-66	-1.22243e-64	-2.54862e-62	2.61912e-62	9.37373e-65	3.99802e-65	6.89574e-62	3.73762e-66	6.26139e-62	7.17359e-62	4.26372e-65	3.87201e-65	6.69778e-62	4.40487e-65	7.18037e-62	-1.22144e-64	-2.54402e-62	6.48346e-62	3.75021e-65	7.06286e-62	4.12843e-65	6.98985e-62	4.55452e-65	-1.22052e-64	-2.53903e-62	-2.52358e-62	-1.21828e-64	-1.21867e-64	-2.52816e-62	-1.21959e-64	-2.53373e-62	-3.39506e-62	-1.86127e-64	-5.62105e-61	-7.89316e-62	0	0.531528	0.106904	0	0	3.02629e-65	2.90125e-61	2.45385e-62	0	0	3.02993e-65	-4.3283e-11	-4.32837e-11	714.636	23.8212	3.47183e-20	1	0	0	2.32087e-68	
651744	283.382	8.91644	2.90319e-77	2.1832e-80	49820	1276.89	260.839	49820	1.48287e-70	1.48525e-70	1246.76	242.052	1215.31	224.795	0.105938	0.530269	-2.44752e-68	2.87837e-17	3.01116	2.42456	1.9242	3.59082	0.000180104	0.00010194	5.84325e-05	0.0153605	-9.05368e-71	2.27023e-16	251.258	1262.08	-2.4436e-68	2.83597e-17	228.603	1243.22	0.000239902	3.7737	233.206	1231.1	1.48634e-73	1241.15	226.869	7.4537e-74	0.531117	0.106107	2.00363	3.86055	1236.49	223.461	1231.85	221.196	2.70983	7.67986e-05	1.52014	0.000635037	2.16109	0.000134448	0.000135428	3.31485	-7.41912e-71	1.54746e-17	7.44696e-74	1561.14	353.289	47.9482	27.2928	2.82983e-73	-2.80841e-16	-1.21703e-71	1238.9	225.158	1233.95	221.784	86.1982	2.71236	7.73155e-17	1.73144e-73	16797.4	206554	-1.2185e-71	2.71236	86.1982	-7.41911e-71	1.54746e-17	500	0.0979109	0.00318174	2.71243	86.1983	1.4866e-73	0.0101748	0.320171	-8.64694e-71	1.87434e-17	0	12761.8	2579.8	12613.8	2485.69	226797	7200.14	2395.25	12460.7	12146.5	2225.64	2308.32	12304.3	38.609	19.6426	226.311	1242.54	0.0647013	152.135	0.0104881	301.408	216.349	0.0132892	0.0184393	359.399	242.713	0.00603754	377.686	0.0245017	0.149303	192.642	224.593	1240.47	0.0138994	331.792	271.259	0.00792089	1233.28	219.559	222.899	1238.22	1231.17	218.965	221.218	1235.81	349.592	1560.28	16762.5	206519	8.69056e-71	2.71237	86.1982	8.68271e-71	0	0	-2.0765e-74	2.14885e-74	-1.98304e-74	2.10403e-74	2.0125e-74	-1.80819e-74	2.05846e-74	-1.89367e-74	1.96654e-74	-1.72741e-74	-2.10615e-75	-2.02346e-76	2.04251e-74	-1.76105e-74	-2.27057e-78	-2.55346e-75	-2.1388e-78	-2.26575e-75	-2.37288e-78	-2.65119e-75	-4.95087e-78	-9.85424e-76	-2.17489e-78	-2.36786e-75	1.78658e-74	-6.21373e-74	2.48806e-73	-2.13589e-73	-3.80416e-78	-2.16255e-75	-2.32062e-78	-2.62148e-75	-2.46562e-75	-2.22209e-78	-2.42888e-78	-2.60623e-75	2.45568e-73	-2.08278e-73	2.47755e-73	-2.11804e-73	2.44625e-73	-2.07854e-73	3.1989e-73	-3.36787e-73	-2.1003e-73	2.46673e-73	-7.42064e-71	-7.28545e-72	-4.88778e-71	1.54753e-17	439.94	9.26101e-66	4.45311e-68	9.15039e-66	4.43575e-68	4.41848e-68	9.03555e-66	8.91783e-66	4.40129e-68	8.79862e-66	4.38419e-68	-2.73146e-66	-1.59671e-69	5.36285e-68	1.11809e-65	-1.14902e-65	-4.11229e-68	-1.75395e-68	-3.02519e-65	-1.63971e-69	-2.7469e-65	-3.14708e-65	-1.87051e-68	-1.69867e-68	-2.93834e-65	-1.93244e-68	-3.15006e-65	5.35852e-68	1.11607e-65	-2.84432e-65	-1.64523e-68	-3.09851e-65	-1.81116e-68	-3.06647e-65	-1.99808e-68	5.35446e-68	1.11388e-65	1.1071e-65	5.34464e-68	5.34637e-68	1.10911e-65	5.35041e-68	1.11156e-65	1.48943e-65	8.16546e-68	2.46597e-64	3.46276e-65	0	0.530388	0.106024	0	0	-1.41895e-68	-1.27279e-64	-1.07651e-65	0	0	-1.42066e-68	1.41026e-68	1.41198e-68	708.9	23.63	4.08453e-20	1	0	0	-5.60547e-71	
658752	282.691	8.44876	-8.02603e-78	-7.45509e-81	49820	1281.22	278.069	49820	-3.26275e-71	-3.26799e-71	1250.91	257.237	1219.28	238.159	0.105213	0.529201	4.3287e-68	-1.26199e-15	2.9936	2.40908	1.91088	3.57182	0.000157287	8.65231e-05	4.84429e-05	0.0181515	1.59916e-70	-6.09467e-15	267.438	1266.33	4.32178e-68	-1.24792e-15	242.353	1247.37	0.000212511	3.75469	247.448	1235.16	-3.26864e-74	1245.29	240.523	-1.64004e-74	0.530046	0.105381	2.24977	3.85854	1240.61	236.925	1235.95	234.611	2.69329	6.42612e-05	1.51285	0.00057052	2.14669	0.000147259	0.000116598	3.29642	1.31142e-70	-1.73882e-15	-1.63855e-74	1566.38	375.555	48.2203	28.3905	-6.22414e-74	5.17492e-16	2.15074e-71	1243.03	238.717	1238.06	235.157	85.9881	2.5701	-1.62107e-15	-3.80377e-74	16998.1	206773	2.15332e-71	2.5701	85.9881	1.31142e-70	-1.73882e-15	500	0.0976725	0.00302032	2.57016	85.9882	-3.26899e-74	0.00964658	0.319391	1.52823e-70	-1.96295e-15	0	12805.4	2753.76	12656.6	2649.11	226239	6815.26	2548.67	12502.6	12186.6	2360.77	2452.27	12345.2	38.5884	22.1059	240.209	1246.72	0.0580041	151.399	0.00887651	299.635	214.894	0.0144989	0.0160631	357.479	241.15	0.00498801	375.767	0.021654	0.176991	191.296	238.393	1244.64	0.0119348	329.931	269.588	0.00660769	1237.41	233.07	236.603	1242.38	1235.3	232.517	234.825	1239.96	372.075	1565.56	16967.5	206739	-1.91218e-71	2.57011	85.9881	-1.91046e-71	0	0	6.48752e-75	-1.09262e-74	6.19516e-75	-1.07283e-74	-1.03222e-74	5.64796e-75	-1.05263e-74	5.91548e-75	-1.01177e-74	5.39502e-75	7.39393e-76	6.31349e-77	-1.04607e-74	5.49937e-75	8.07206e-79	9.00831e-76	7.59932e-79	8.00609e-76	8.43415e-79	9.34141e-76	1.75917e-78	3.46746e-76	7.73283e-79	8.36274e-76	-1.19061e-74	1.838e-74	-1.27519e-73	6.66889e-74	1.26997e-78	7.64489e-76	8.2493e-79	9.24265e-76	8.70338e-76	7.90023e-79	8.632e-79	9.17686e-76	-1.26139e-73	6.50004e-74	-1.27073e-73	6.61216e-74	-1.25737e-73	6.48568e-74	-1.62868e-73	1.05127e-73	6.55578e-74	-1.26613e-73	1.31167e-70	2.0484e-72	1.09602e-71	-1.73574e-15	439.94	-1.75871e-65	-8.45667e-68	-1.7377e-65	-8.4237e-68	-8.39091e-68	-1.7159e-65	-1.69354e-65	-8.35827e-68	-1.6709e-65	-8.3258e-68	5.18719e-66	3.03223e-69	-1.01843e-67	-2.12331e-65	2.18204e-65	7.80945e-68	3.33083e-68	5.74498e-65	3.11388e-69	5.21649e-65	5.97646e-65	3.55219e-68	3.22585e-68	5.58006e-65	3.66979e-68	5.98211e-65	-1.01761e-67	-2.11947e-65	5.4015e-65	3.12437e-68	5.88422e-65	3.43948e-68	5.82338e-65	3.79446e-68	-1.01684e-67	-2.11532e-65	-2.10245e-65	-1.01497e-67	-1.0153e-67	-2.10626e-65	-1.01607e-67	-2.1109e-65	-2.8285e-65	-1.55066e-67	-4.68301e-64	-6.57595e-65	0	0.529313	0.105285	0	0	2.50756e-68	2.41709e-64	2.04435e-65	0	0	2.51058e-68	-2.50565e-68	8.65674e-12	703.21	23.4403	4.0942e-20	1	0	0	1.26326e-71	
665760	282.04	8.05553	-5.10728e-79	-1.79141e-81	49820	1285.34	294.182	49820	5.69456e-72	5.7037e-72	1254.86	271.37	1223.06	250.537	0.104603	0.528193	-2.17027e-69	1.74498e-15	2.97711	2.39455	1.89838	3.55395	0.000139388	7.4687e-05	4.10037e-05	0.0210378	-8.02123e-72	-7.01192e-15	282.534	1270.36	-2.16679e-69	1.89003e-15	255.119	1251.32	0.000190812	3.73682	260.672	1239.03	5.71698e-75	1249.23	253.209	2.86241e-75	0.529037	0.10477	2.49182	3.85679	1244.53	249.452	1239.85	247.116	2.67775	5.47454e-05	1.506	0.000518961	2.13317	0.000163674	0.000101982	3.27911	-6.57627e-72	8.404e-18	2.85984e-75	1571.37	396.36	48.4861	29.4903	1.08807e-74	2.8354e-15	-1.07861e-72	1246.96	251.324	1241.97	247.606	85.7901	2.45049	-1.95188e-14	6.64137e-75	17174.5	206982	-1.0799e-72	2.45049	85.7901	-6.57627e-72	8.404e-18	500	0.0974478	0.00288459	2.45053	85.7902	5.71867e-75	0.00920244	0.318656	-7.66388e-72	4.40477e-15	0	12847	2916.73	12697.3	2801.85	225714	6491.76	2691.73	12542.4	12224.7	2486.16	2586.17	12384.2	38.5706	24.5352	253.136	1250.7	0.0526592	150.707	0.0076415	297.969	213.529	0.0160895	0.014202	355.674	239.682	0.0042078	373.962	0.0194014	0.205738	190.033	251.237	1248.62	0.0104124	328.181	268.018	0.00561293	1241.35	245.67	249.365	1246.34	1239.24	245.171	247.505	1243.91	393.121	1570.59	17147.6	206949	3.3374e-72	2.45049	85.7901	3.3344e-72	0	0	-8.42197e-76	-1.35075e-76	-7.98571e-76	-1.36238e-76	-1.384e-76	-7.1756e-76	-1.37341e-76	-7.57057e-76	-1.3943e-76	-6.80521e-76	-3.9139e-77	-9.8838e-78	-1.3897e-76	-6.96688e-76	-4.05667e-80	-4.65576e-77	-3.88549e-80	-4.11682e-77	-4.22766e-80	-4.84764e-77	-8.79327e-80	-1.8075e-77	-3.89454e-80	-4.30692e-77	-6.62532e-76	-2.6419e-75	-1.70682e-75	-8.45699e-75	-1.38339e-79	-3.92564e-77	-4.14061e-80	-4.7863e-77	-4.48993e-77	-3.97467e-80	-4.32067e-80	-4.77282e-77	-1.72654e-75	-8.26791e-75	-1.71361e-75	-8.39345e-75	-1.73254e-75	-8.27153e-75	-2.03141e-75	-1.35308e-74	-8.3302e-75	-1.72017e-75	-6.57758e-72	-2.52619e-73	-1.77987e-72	2.72278e-16	439.94	8.60723e-67	4.13874e-69	8.50442e-67	4.12261e-69	4.10656e-69	8.39769e-67	8.28828e-67	4.09058e-69	8.17749e-67	4.07469e-69	-2.53864e-67	-1.48399e-70	4.98427e-69	1.03916e-66	-1.0679e-66	-3.82199e-69	-1.63013e-69	-2.81163e-66	-1.52395e-70	-2.55298e-66	-2.92491e-66	-1.73846e-69	-1.57875e-69	-2.73091e-66	-1.79602e-69	-2.92768e-66	4.98024e-69	1.03728e-66	-2.64352e-66	-1.52909e-69	-2.87977e-66	-1.6833e-69	-2.85e-66	-1.85703e-69	4.97647e-69	1.03525e-66	1.02895e-66	4.96734e-69	4.96894e-69	1.03082e-66	4.9727e-69	1.03309e-66	1.38428e-66	7.58903e-69	2.29189e-65	3.21831e-66	0	0.528299	0.104664	0	0	-1.25756e-69	-1.18294e-65	-1.00052e-66	0	0	-1.25907e-69	1.25422e-69	-8.65674e-12	697.565	23.2522	4.09681e-20	1	0	0	-2.10742e-72	
672768	281.426	7.72412	3.49982e-82	2.57303e-85	49820	1289.26	309.093	49820	1.82381e-75	1.82674e-75	1258.62	284.396	1226.66	261.895	0.10409	0.527244	-4.35047e-72	-2.29609e-16	2.96161	2.3809	1.88663	3.53715	0.000125213	6.54987e-05	3.54046e-05	0.0239564	-1.60706e-74	2.27278e-18	296.475	1274.2	-4.3435e-72	-2.29564e-16	266.863	1255.08	0.000173471	3.72002	272.831	1242.71	1.82816e-78	1252.98	264.886	9.16745e-79	0.528086	0.104256	2.72598	3.85529	1248.26	260.998	1243.56	258.663	2.66315	4.74367e-05	1.49955	0.00047742	2.12047	0.000182552	9.05179e-05	3.26283	-1.31796e-74	5.21459e-17	9.15916e-79	1576.12	415.613	48.746	30.5909	3.48057e-78	2.85811e-16	-2.16144e-75	1250.7	262.935	1245.69	259.087	85.6033	2.34968	1.33238e-17	2.12973e-78	17329.3	207183	-2.16403e-75	2.34968	85.6033	-1.31796e-74	5.21459e-17	500	0.0972359	0.00277021	2.34972	85.6034	1.82848e-78	0.00882813	0.317962	-1.53584e-74	5.23583e-17	0	12886.5	3067.79	12736	2943.13	225218	6219.23	2823.77	12580.3	12261	2601.37	2709.48	12421.3	38.5552	26.8912	265.044	1254.49	0.0483585	150.056	0.00668454	296.403	212.246	0.0179436	0.0127304	353.978	238.303	0.00362162	372.265	0.0176038	0.234905	188.847	263.076	1252.4	0.00922039	326.537	266.543	0.00485041	1245.1	257.307	261.136	1250.11	1242.98	256.872	259.208	1247.67	412.624	1575.37	17305.7	207151	1.06887e-75	2.34968	85.6033	1.0679e-75	0	0	-7.29441e-79	4.73559e-79	-6.89528e-79	4.65465e-79	4.48783e-79	-6.15556e-79	4.57182e-79	-6.51597e-79	4.40347e-79	-5.81821e-79	-3.64229e-80	-9.1317e-81	4.53902e-79	-5.9646e-79	-3.95973e-83	-4.40592e-80	-3.79556e-83	-3.92019e-80	-4.12178e-83	-4.5655e-80	-8.55725e-83	-1.69356e-80	-3.80432e-83	-4.09328e-80	3.55731e-79	-2.08378e-78	5.53286e-78	-7.24045e-78	-1.32576e-82	-3.74478e-80	-4.03956e-83	-4.51886e-80	-4.25839e-80	-3.8813e-83	-4.20899e-83	-4.48353e-80	5.472e-78	-7.07876e-78	5.5132e-78	-7.18613e-78	5.45396e-78	-7.08644e-78	7.07148e-78	-1.16487e-77	-7.13202e-78	5.49287e-78	-1.31822e-74	-1.52993e-76	-5.32025e-76	5.16965e-17	439.94	1.77535e-69	8.53667e-72	1.75414e-69	8.50339e-72	8.47029e-72	1.73213e-69	1.70956e-69	8.43734e-72	1.68671e-69	8.40456e-72	-5.23626e-70	-3.06091e-73	1.02807e-71	2.14339e-69	-2.20269e-69	-7.88333e-72	-3.36234e-72	-5.79933e-69	-3.14334e-73	-5.26584e-69	-6.033e-69	-3.5858e-72	-3.25637e-72	-5.63285e-69	-3.70451e-72	-6.0387e-69	1.02724e-71	2.13952e-69	-5.4526e-69	-3.15393e-72	-5.93988e-69	-3.47202e-72	-5.87847e-69	-3.83036e-72	1.02646e-71	2.13533e-69	2.12233e-69	1.02457e-71	1.02491e-71	2.12619e-69	1.02568e-71	2.13087e-69	2.85525e-69	1.56533e-71	4.72731e-68	6.63816e-69	0	0.527343	0.104141	0	0	-2.52004e-72	-2.43996e-68	-2.06369e-69	0	0	-2.52307e-72	2.51897e-72	2.522e-72	691.966	23.0655	4.09681e-20	1	0	0	-7.01111e-76	
679776	280.847	7.44407	1.96372e-82	1.43598e-85	49820	1292.99	322.773	49820	1.02822e-75	1.02987e-75	1262.2	296.299	1230.08	272.232	0.103656	0.526348	-4.58877e-73	2.44788e-16	2.94703	2.36806	1.8756	3.52136	0.000113882	5.82876e-05	3.11464e-05	0.0268499	-1.69585e-75	1.18951e-16	309.241	1277.85	-4.58143e-73	2.44176e-16	277.58	1258.66	0.000159492	3.70422	283.921	1246.21	1.03068e-78	1256.55	275.549	5.1684e-79	0.527189	0.103821	2.9493	3.854	1251.81	271.554	1247.09	269.239	2.64942	4.17566e-05	1.49349	0.000443682	2.10854	0.000202943	8.14361e-05	3.24753	-1.39042e-75	3.05018e-17	5.16372e-79	1580.64	433.279	48.9999	31.6916	1.96228e-78	-3.00073e-17	-2.28046e-76	1254.26	273.545	1249.23	269.591	85.4273	2.26449	3.1764e-17	1.20073e-78	17464.8	207375	-2.2832e-76	2.26449	85.4273	-1.39042e-75	3.05018e-17	500	0.0970361	0.00267355	2.26453	85.4273	1.03087e-78	0.00851183	0.317308	-1.62036e-75	3.42477e-17	0	12924.1	3206.56	12772.8	3072.66	224750	5989.03	2944.59	12616.4	12295.5	2706.36	2822.08	12456.6	38.542	29.143	275.924	1258.1	0.0448703	149.444	0.00593485	294.931	211.041	0.0199632	0.0115559	352.383	237.007	0.00317659	370.669	0.0161568	0.263909	187.733	273.901	1255.99	0.00827765	324.992	265.157	0.00425896	1248.67	267.966	271.905	1253.7	1246.54	267.603	269.921	1251.25	430.544	1579.93	17444.1	207345	6.02604e-76	2.26449	85.4273	6.02059e-76	0	0	-1.71867e-79	-1.97784e-80	-1.6281e-79	-2.00278e-80	-2.05041e-80	-1.46002e-79	-2.0269e-80	-1.54195e-79	-2.07355e-80	-1.38325e-79	-7.32176e-81	-2.05833e-81	-2.05963e-80	-1.41667e-79	-7.60445e-84	-8.70773e-81	-7.30713e-84	-7.70447e-81	-7.91796e-84	-9.06258e-81	-1.64507e-83	-3.37757e-81	-7.30547e-84	-8.05865e-81	-1.19268e-79	-5.29438e-79	-2.53319e-79	-1.71971e-78	-2.82501e-83	-7.34807e-81	-7.7586e-84	-8.94992e-81	-8.39937e-81	-7.45339e-84	-8.08787e-84	-8.92068e-81	-2.57307e-79	-1.68136e-78	-2.54682e-79	-1.70683e-78	-2.58529e-79	-1.68247e-78	-2.97315e-79	-2.75625e-78	-1.694e-78	-2.5601e-79	-1.3907e-75	-4.82234e-77	-3.18002e-76	3.04365e-17	439.94	1.82878e-70	8.79361e-73	1.80694e-70	8.75934e-73	8.72523e-73	1.78426e-70	1.76102e-70	8.69129e-73	1.73748e-70	8.65753e-73	-5.39386e-71	-3.15304e-74	1.05901e-72	2.20791e-70	-2.26898e-70	-8.1206e-73	-3.46354e-73	-5.97389e-70	-3.23795e-74	-5.42434e-70	-6.21459e-70	-3.69373e-73	-3.35438e-73	-5.80239e-70	-3.81601e-73	-6.22046e-70	1.05815e-72	2.20392e-70	-5.61671e-70	-3.24886e-73	-6.11866e-70	-3.57652e-73	-6.05541e-70	-3.94564e-73	1.05735e-72	2.1996e-70	2.18621e-70	1.05541e-72	1.05575e-72	2.19018e-70	1.05655e-72	2.19501e-70	2.94119e-70	1.61245e-72	4.8696e-69	6.83796e-70	0	0.526442	0.103699	0	0	-2.65881e-73	-2.5134e-69	-2.12581e-70	0	0	-2.66201e-73	2.65278e-73	2.65599e-73	686.412	22.8804	4.09681e-20	1	0	0	-3.80809e-76	
686784	280.301	7.20676	4.12739e-83	3.17464e-86	49820	1296.54	335.228	49820	2.06244e-76	2.06575e-76	1265.6	307.1	1233.34	281.579	0.103288	0.525503	-1.35043e-73	9.43876e-17	2.93333	2.35601	1.86524	3.5065	0.000104743	5.25682e-05	2.78752e-05	0.0296696	-4.98984e-76	1.0316e-16	320.845	1281.33	-1.34827e-73	9.3956e-17	287.297	1262.07	0.000148132	3.68936	293.966	1249.53	2.06718e-79	1259.95	285.222	1.03669e-79	0.526343	0.103453	3.15966	3.85291	1255.19	281.14	1250.46	278.86	2.63652	3.72917e-05	1.48779	0.000416074	2.09733	0.000224065	7.41711e-05	3.23313	-4.09157e-76	5.63672e-17	1.03576e-79	1584.94	449.376	49.2481	32.7917	3.93573e-79	1.32755e-16	-6.71044e-77	1257.65	283.175	1252.6	279.136	85.2612	2.1923	2.32644e-17	2.40778e-79	17583.4	207559	-6.71851e-77	2.1923	85.2612	-4.09157e-76	5.63672e-17	500	0.0968477	0.00259163	2.19233	85.2613	2.06752e-79	0.00824378	0.316692	-4.76811e-76	6.38311e-17	0	12959.8	3333.05	12807.8	3190.54	224310	5794.05	3054.34	12650.6	12328.3	2801.39	2924.18	12490.1	38.5308	31.2683	285.799	1261.53	0.0420193	148.868	0.00534127	293.548	209.909	0.0220674	0.01061	350.883	235.789	0.00283527	369.168	0.0149823	0.292247	186.686	283.73	1259.42	0.00752469	323.538	263.854	0.0037949	1252.07	277.663	281.689	1257.12	1249.93	277.375	279.661	1254.66	446.89	1584.27	17565.3	207530	1.20872e-76	2.1923	85.2612	1.20763e-76	0	0	-4.43095e-80	1.01524e-80	-4.19414e-80	9.88642e-81	9.34447e-81	-3.75494e-80	9.61655e-81	-3.96898e-80	9.07202e-81	-3.55448e-80	-2.11548e-81	-5.40187e-82	9.47621e-81	-3.64222e-80	-2.24689e-84	-2.53751e-81	-2.15405e-84	-2.25093e-81	-2.34015e-84	-2.63561e-81	-4.86263e-84	-9.80146e-82	-2.15793e-84	-2.35253e-81	-7.73125e-81	-1.33947e-79	1.15166e-79	-4.42152e-79	-7.71264e-84	-2.14836e-81	-2.29275e-84	-2.60553e-81	-2.44989e-81	-2.20194e-84	-2.39059e-84	-2.59155e-81	1.12865e-79	-4.32344e-79	1.14411e-79	-4.38856e-79	1.12179e-79	-4.32719e-79	1.51224e-79	-7.09718e-79	-4.35574e-79	1.13643e-79	-4.09237e-76	-1.12758e-77	-6.33009e-77	5.6279e-17	439.94	5.43239e-71	2.61213e-73	5.3675e-71	2.60195e-73	2.59182e-73	5.30014e-71	5.23108e-71	2.58174e-73	5.16116e-71	2.57171e-73	-1.60224e-71	-9.36609e-75	3.14578e-73	6.55857e-71	-6.74e-71	-2.41222e-73	-1.02884e-73	-1.77454e-70	-9.61831e-75	-1.61129e-70	-1.84604e-70	-1.09722e-73	-9.96416e-74	-1.72359e-70	-1.13354e-73	-1.84778e-70	3.14324e-73	6.54672e-71	-1.66844e-70	-9.65071e-74	-1.81754e-70	-1.0624e-73	-1.79875e-70	-1.17205e-73	3.14086e-73	6.53389e-71	6.49413e-71	3.1351e-73	3.13611e-73	6.50592e-71	3.13848e-73	6.52024e-71	8.73679e-71	4.78975e-73	1.44651e-69	2.03121e-70	0	0.525592	0.103325	0	0	-7.82377e-74	-7.46603e-70	-6.31469e-71	0	0	-7.83318e-74	7.81168e-74	7.82111e-74	680.902	22.6967	4.09681e-20	1	0	0	-7.70913e-77	
693792	279.787	7.00507	1.96779e-83	1.64617e-86	49820	1299.91	346.497	49820	9.06096e-77	9.07551e-77	1268.83	316.842	1236.44	289.982	0.102975	0.524707	-3.8852e-74	2.42813e-16	2.92045	2.34467	1.85551	3.49253	9.73106e-05	4.79867e-05	2.53382e-05	0.0323767	-1.43587e-76	-1.97546e-15	331.327	1284.63	-3.87898e-74	2.48883e-16	296.059	1265.31	0.000138828	3.67537	303.011	1252.7	9.08027e-80	1263.19	293.949	4.55453e-80	0.525545	0.10314	3.35572	3.85199	1258.41	289.798	1253.66	287.562	2.62439	3.37441e-05	1.48242	0.000393323	2.0868	0.000245287	6.83061e-05	3.2196	-1.17725e-76	-1.24772e-15	4.55041e-80	1589.04	463.956	49.4905	33.8904	1.72889e-79	-3.50066e-15	-1.93083e-77	1260.88	291.867	1255.81	287.761	85.1046	2.13095	-4.90052e-16	1.05732e-79	17687.2	207736	-1.93316e-77	2.13095	85.1046	-1.17725e-76	-1.24772e-15	500	0.09667	0.00252202	2.13098	85.1047	9.0816e-80	0.00801599	0.31611	-1.37194e-76	-1.38409e-15	0	12993.8	3447.6	12841.1	3297.12	223894	5628.43	3153.42	12683.3	12359.5	2886.89	3016.19	12522	38.5213	33.2522	294.71	1264.8	0.0396726	148.326	0.00486655	292.247	208.845	0.024191	0.00984173	349.472	234.644	0.00257098	367.756	0.0140217	0.319516	185.703	292.605	1262.68	0.00691773	322.172	262.629	0.00342683	1255.3	286.432	290.529	1260.37	1253.16	286.221	288.465	1257.9	461.708	1588.39	17671.4	207708	5.3103e-77	2.13095	85.1046	5.30551e-77	0	0	-1.1706e-80	-1.17164e-81	-1.1142e-80	-1.20998e-81	-1.2847e-81	-1.00898e-80	-1.24764e-81	-1.06036e-80	-1.3212e-81	-9.60562e-81	-6.56383e-82	-1.23964e-82	-1.27479e-81	-9.80121e-81	-6.8218e-85	-7.8372e-82	-6.48015e-85	-6.92981e-82	-7.1143e-85	-8.15991e-82	-1.48109e-84	-3.04226e-82	-6.54571e-85	-7.24992e-82	-8.24458e-81	-3.40191e-80	-1.57385e-80	-1.18893e-79	-1.74535e-84	-6.6078e-82	-6.96518e-85	-8.05685e-82	-7.55807e-82	-6.68217e-85	-7.27402e-85	-8.03368e-82	-1.61636e-80	-1.15988e-79	-1.58824e-80	-1.17917e-79	-1.62898e-80	-1.15848e-79	-1.77898e-80	-1.88634e-79	-1.16946e-79	-1.6024e-80	-1.17748e-76	-3.91943e-78	-2.86536e-77	-1.2442e-15	439.94	1.54659e-71	7.43668e-74	1.52811e-71	7.40769e-74	7.37885e-74	1.50894e-71	1.48928e-71	7.35015e-74	1.46937e-71	7.32159e-74	-4.56154e-72	-2.6665e-75	8.95596e-74	1.86721e-71	-1.91886e-71	-6.86752e-74	-2.92909e-74	-5.05206e-71	-2.73831e-75	-4.58731e-71	-5.25562e-71	-3.12375e-74	-2.83677e-74	-4.90703e-71	-3.22716e-74	-5.26059e-71	8.94872e-74	1.86383e-71	-4.75001e-71	-2.74753e-74	-5.1745e-71	-3.02463e-74	-5.12101e-71	-3.3368e-74	8.94194e-74	1.86018e-71	1.84886e-71	8.92554e-74	8.92842e-74	1.85222e-71	8.93518e-74	1.8563e-71	2.48734e-71	1.36363e-73	4.11817e-70	5.7828e-71	0	0.52479	0.103007	0	0	-2.25118e-74	-2.12556e-70	-1.79778e-71	0	0	-2.25389e-74	1.08208e-11	2.24858e-74	675.437	22.5146	4.09681e-20	1	0	0	-3.3565e-77	
700800	279.301	6.83318	1.04234e-84	6.19617e-88	49820	1303.12	356.638	49820	6.03135e-78	6.04103e-78	1271.91	325.584	1239.38	297.501	0.102709	0.523955	1.3901e-74	1.21403e-16	2.90834	2.33402	1.84635	3.47939	9.12189e-05	4.42826e-05	2.33527e-05	0.0349421	5.13399e-77	9.40791e-16	340.747	1287.78	1.38788e-74	1.19115e-16	303.923	1268.4	0.000131155	3.66222	311.116	1255.71	6.04642e-81	1266.27	301.786	3.03168e-81	0.524793	0.102873	3.53677	3.85122	1261.47	297.581	1256.71	295.395	2.61299	3.08968e-05	1.47737	0.000374454	2.0769	0.000266119	6.35311e-05	3.20687	4.21091e-77	3.69395e-16	3.02894e-81	1592.94	477.096	49.7274	34.9873	1.15112e-80	4.38104e-16	6.90557e-78	1263.95	299.677	1258.86	295.517	84.9569	2.07867	2.28764e-16	7.04511e-81	17777.9	207906	6.91386e-78	2.07867	84.9569	4.21091e-77	3.69395e-16	500	0.0965025	0.00246269	2.07869	84.957	6.04757e-81	0.00782184	0.315562	4.90694e-77	4.26467e-16	0	13026.2	3550.78	12872.8	3392.99	223502	5487.33	3242.4	12714.3	12389.2	2963.46	3098.71	12552.4	38.5133	35.0869	302.714	1267.91	0.0377282	147.816	0.00448331	291.023	207.844	0.0262826	0.00921283	348.144	233.568	0.00236444	366.427	0.0132302	0.345408	184.779	300.581	1265.78	0.00642424	320.886	261.477	0.00313189	1258.38	294.324	298.476	1263.46	1256.23	294.189	296.384	1260.99	475.073	1592.32	17764	207879	3.53475e-78	2.07867	84.9569	3.53156e-78	0	0	3.43237e-81	-4.42122e-81	3.22466e-81	-4.35964e-81	-4.23172e-81	2.84159e-81	-4.29626e-81	3.02791e-81	-4.16672e-81	2.66812e-81	1.59223e-82	4.89732e-83	-4.27402e-81	2.7484e-81	1.80852e-85	1.95133e-82	1.74763e-85	1.7466e-82	1.88012e-85	2.01268e-82	3.89537e-85	7.42908e-83	1.73898e-85	1.82033e-82	-5.09806e-81	9.99884e-81	-5.21465e-80	3.33895e-80	7.36522e-85	1.6713e-82	1.84395e-85	1.99685e-82	1.88999e-82	1.77347e-85	1.91815e-85	1.97169e-82	-5.17173e-80	3.27225e-80	-5.20095e-80	3.31653e-80	-5.15903e-80	3.28325e-80	-6.6086e-80	5.44234e-80	3.29416e-80	-5.1866e-80	4.21173e-77	3.6699e-79	-2.271e-78	3.69287e-16	439.94	-5.73424e-72	-2.75728e-74	-5.66575e-72	-2.74653e-74	-2.73584e-74	-5.59464e-72	-5.52175e-72	-2.7252e-74	-5.44794e-72	-2.71461e-74	1.69127e-72	9.88652e-76	-3.32058e-74	-6.923e-72	7.11451e-72	2.54625e-74	1.08601e-74	1.87314e-71	1.01528e-75	1.70083e-71	1.94861e-71	1.15819e-74	1.05178e-74	1.81937e-71	1.19653e-74	1.95045e-71	-3.31789e-74	-6.91049e-72	1.76115e-71	1.0187e-74	1.91854e-71	1.12144e-74	1.8987e-71	1.23718e-74	-3.31538e-74	-6.89695e-72	-6.85498e-72	-3.3093e-74	-3.31037e-74	-6.86743e-72	-3.31287e-74	-6.88254e-72	-9.22225e-72	-5.0559e-74	-1.52689e-70	-2.14407e-71	0	0.524034	0.102736	0	0	8.05127e-75	7.88089e-71	6.66557e-72	0	0	8.06094e-75	-1.08208e-11	8.65674e-12	670.015	22.3338	4.09681e-20	1	0	0	-2.01107e-78	
